postcode,long,lat
GL4 3BD,-2.213987,51.862259
DE5 3RS,-1.39826,53.058122
M60 9DX,-2.251354,53.482055
NG34 8FP,-0.468009,53.038041
HU17 8PS,-0.436414,53.829683
YO1 7DS,-1.086203,53.961417
EC1R 0HB,-0.107265,51.525055
LS2 9JT,-1.553329,53.807958
SW1H 0BD,-0.133879,51.49961
SE1 6SB,-0.101844,51.494914
HD1 3DH,-1.778726,53.643678
W1W 7BY,-0.141355,51.518138
SW1H 9NB,-0.131934,51.499956
BS1 4TY,-2.596674,51.45392
SW1V 5RR,-0.139963845890411,51.4894559366439
PO15 1QQ,-1.2267186440678,50.866420155624
L36 9US,-2.84202,53.410154
LS1 4UE,-1.556217,53.797633
CF3 5EA,-3.106334,51.53047
L2 8TD,-2.993262,53.406521
PR2 2PD,-2.751797,53.760376
ST1 5RG,-2.195877,53.024666
LN5 7QY,-0.557203096288867,53.1741486479438
RH1 6BN,-0.157860618153365,51.237430988263
GH1 4RS,NA,NA
NE98 1YZ,-1.5983485,54.9722948
DH99 1NS,-1.578053,54.779259
WD17 1ST,-0.405724428571429,51.6637376936317
WA7 2HA,-2.696217,53.329091
EH12 4WN,-3.2789377414966,55.9419635314625
GU15 4LZ,-0.744128,51.349462
HU3 1DS,-0.355069,53.746195
G2 8JZ,-4.2562801087344,55.8629021158648
NP44 3YA,-3.021274,51.651298
TW18 1XH,-0.498096,51.429098
DD2 1DX,-3.058996,56.467734
PL6 5YE,-4.121087,50.416684
PO1 2PJ,-1.090381,50.795801
ST5 5DT,-2.23952220887338,53.0152931809572
CV47 2UD,-1.443832,52.165686
PH50 4SH,-4.960584,56.714029
B75 7NY,-1.797342,52.56887
NP4 0TB,-2.943036,51.678354
ST1 2QB,-2.172275,53.031813
GU11 1PS,-0.770239,51.254242
RG30 1HW,-1.003509,51.458374
L22 0PB,-3.022563,53.474752
PR8 1HE,-3.004046,53.644284
GU11 2AQ,-0.742699,51.256105
PL1 2DP,-4.139574,50.369287
G2 4PH,-4.269992,55.863796
MK17 9BH,-0.698054,51.949916
DL9 4SP,-1.711312,54.362247000000004
B1 2RA,-1.913283,52.480898
EH12 5NW,-3.23417,55.945183
P01 3GX,NA,NA
WA7 2UR,-2.693981,53.32636
BT15 3FR,-5.934829,54.62319
EH13 0LA,-3.24972,55.909973
CF14 5GF,-3.191498,51.522615
EC1N 2NQ,-0.108837206060606,51.5198872
WA10 1SZ,-2.736751,53.454933
BS2 0ES,-2.578927,51.451364
SW1 2HG,NA,NA
EH12 5WS,-3.221954,55.945223
M21 9LH,-2.280694,53.443501
BL9 5DE,-2.291389,53.602463
M16 8JN,-2.257592,53.447318
SK4 2PB,-2.172639,53.4203
SP4 8RB,-1.820508,51.198175
B26 2SE,-1.788472,52.468123
KY1 1ED,-3.160737,56.110885
DD11 5JS,-2.57817,56.568724
EH1 2NG,-3.201478,55.948965
SP11 8HU,-1.564298,51.217815
E14 5LQ,-0.018366,51.504083
CM2 0RG,0.4688,51.729727
CT1 3JG,1.083295,51.274654
GU1 1EJ,-0.577594,51.244704
ST1 5RU,-2.199535,53.025828
LU1 5BL,-0.420285,51.878233
PO1 3BY,-1.103838,50.799266
PE25 3TB,0.322506,53.139337
TQ4 7PD,-3.596678,50.422641
FY4 4ES,-3.025744,53.798945
CW8 2ES,-2.614543,53.214716
SW1A 2BZ,-0.132239061643836,51.5044692945206
MK40 1SQ,-0.466958,52.135071
G511DH,-4.296526,55.853826
NG16 6LP,-1.317044,53.090369
SY8 2HD,-2.742791,52.362743
DE24 9GL,-1.483424,52.888139
G2 8LX,-4.262924,55.859023
L2 7NX,-2.99134,53.40474
SP4 9HZ,-1.728506,51.192284
SP2 9LL,-1.82454,51.078425
UB1 1PN,-0.388882,51.513192
DL9 3LD,-1.71705,54.370269
SO4 4ZG,NA,NA
RG1 7LL,-0.980708,51.455229
BH20 7PA,-2.140533,50.709162
CT20 3HG,1.16357735939471,51.07983618285
G75 8EA,-4.224239,55.760917
EX33 2NU,-4.190206,51.104975
OX25 4AL,-1.244061,51.914855
GL1 2HJ,-2.247792,51.864746
B6 6AJ,-1.898883,52.508795
SG14 1DH,-0.077146,51.796341
EH3 7HS,-3.20629786363636,55.9522083719008
SO41 9GA,-1.549408,50.756849
CM1 1EH,0.472462,51.734731
B2 4QJ,-1.896935,52.478623
TF3 9HX,-2.44806236692913,52.666954103937
TN23 1YB,0.8701,51.148441
RG1 1DY,-0.969772770967742,51.4507750903224
NE8 1ZZ,-1.60657927884616,54.9549411153846
B2 4AR,-1.895696,52.479566
DE24 9HY,-1.461844,52.892871
SG8 5LX,-0.043574,52.093228
OX25 1PX,-1.071954,51.850426
RG9 5SG,-1.017083,51.588941
WC2R 0DW,-0.121399,51.510275
PE7 8EX,-0.267388,52.534053
NR2 1AR,1.294544,52.629788
SW1P 2DF,-0.130408,51.497459
CT20 2SG,1.168187,51.078567
RH6 0EZ,-0.163695621089224,51.1728420996524
YO7 3EY,-1.398057,54.203588
NA,NA,NA
NG2 1AG,-1.152158,52.947761
PH1 5BT,-3.447722,56.408882
W5 5DH,-0.302595386819484,51.5130913925504
CH5 2LZ,-3.04263640419708,53.2038562354015
M3 5BH,-2.252206,53.483519
B5 4LJ,-1.897441,52.476304
BS1 6EJ,-2.59373983956575,51.4533269396864
L17 1AD,-2.931524,53.388467
EH54 5DE,-3.501426,55.906177
FK8 2HF,-3.939529,56.110561
M21 7QY,-2.257832,53.424731
LE12 5BL,-1.255411,52.793124
LL13 8RD,-2.983891,53.036766
SW1P 3BU,-0.129651,51.497294
MK41 6HL,-0.503644,52.169628
B12 9QA,-1.897434,52.45364
PO30 5PB,-1.31364093296089,50.69107616946
BR1 3PX,0.013419,51.408801
RM1 4DP,0.187621,51.582608
LD1 5DP,-3.377788,52.239434
NE6 1BU,-1.582649,54.968248
SW1a 2BQ,-0.126793,51.501637
EC2A 2BE,-0.082311,51.522311
SN2 1FL,-1.784755,51.566728
SN13 9NP,-2.219902,51.424599
L37 7AD,-3.048005,53.583836
SW1A 2AN,-0.127067,51.502334
RH6 0NX,-0.173969,51.164111
G4 0QW,-4.239238,55.860109
FY2 0EG,-3.020252,53.853107
OL10 2PZ,-2.219633,53.57806
IP27 9PP,0.544491,52.393641
BN7 1YB,0.009745,50.873086
BD19 3LW,-1.713251,53.727195
WF2 9AF,-1.50929,53.683308
KT1 2BB,-0.304698,51.405894
SH1H 9AJ,NA,NA
GL50 3PN,-2.079366,51.900414
CF37 4TD,-3.340269,51.603619
L3 1BP,-2.993539,53.403571
BS31 2YH,-2.498925,51.415587
WS9 8JZ,-1.908981,52.613391
DL3 7RL,-1.558443,54.523642
WC1B4AD,-0.122152,51.519206
B2 4AA,-1.902323,52.479059
IV3 8NW,-4.272556,57.467526
E14 4PE,-0.0189405554285715,51.5062631645715
DL9 3AX,-1.728237,54.3815
GU15 4NR,-0.770484,51.34065
NB2 1AB,NA,NA
SA9 1AB,-3.774427,51.766644
CT15 5LR,1.319564,51.139902
TW6 2AZ,-0.448460209302325,51.470942620155
EH1 3EG,-3.188114,55.95339
LU1 5BT,-0.420143,51.877719
MK3 6DH,-0.742419,51.993923
OX4 2PY,-1.201358,51.740689
PO17 6AR,-1.107593,50.857633
IP28 8EJ,0.4921,52.365209
LS12 2BH,-1.587226,53.799991
LL1 3BW,NA,NA
DY6 1QL,-2.16463774966353,52.4984278384926
BD23 1HU,-2.012603,53.961209
LL13 8XN,-2.95932389189189,53.0345846216216
GU21 6BD,-0.580339590790617,51.3210240451781
EH14 2NA,-3.25213,55.92119
LU7 4QG,-0.630878,51.91182
PE30 4LS,0.423187,52.746727
PL15 9NJ,-4.330611,50.612197
EX2 8PU,-3.53159,50.705199
EX31 1AB,-4.082557,51.085027
BS23 3PZ,-2.972818,51.341643
BS4 5JX,-2.542753,51.428808
BS15 4GQ,-2.488293,51.471722
SO16 9FP,-1.455187,50.932683
RG2 0BW,-0.972268,51.442693
RM18 7AE,0.351389,51.464299
PO20 2AA,-0.749787,50.838332
EN3 7XY,-0.021375,51.676861
CM14 5JN,0.296903,51.610536
SS2 6LL,0.708971,51.54845
SS14 3JS,0.488023,51.589097
G4 0DX,-4.252409,55.868164
EH48 1HG,-3.643299,55.900326
EH6 6QP,-3.179294,55.977771
FK1 1XE,-3.761503,55.995564
FY2 0YE,-3.034437,53.839974
G2 8SP,-4.25622245195729,55.8629171316728
HU2 8NF,-0.347504,53.7483
HX3 5AX,-1.863977,53.728243
PE1 1HA,-0.24203,52.57092
S70 2SA,-1.485098,53.553606
SR7 7PR,-1.326026,54.822604
YO31 7JZ,-1.07797,53.963601
SY4 4EF,-2.656718,52.792982
BB12 7NQ,-2.339435,53.79701
CF83 1WT,-3.224405,51.572898
CH41 6JN,-3.01843,53.393401
CV11 4DL,-1.466358,52.522164
DN32 7BE,-0.068792,53.573958
GU1 4QD,-0.575348,51.238076
KY12 9DF,-3.463113,56.074497
M24 1BX,-2.196266,53.548089
NE66 1LX,-1.709448,55.4162
NG2 3NG,-1.144604,52.948148
PA1 2AN,-4.428111,55.844958
PO21 1HH,-0.667824,50.785005
PR1 1NS,-2.6979,53.761329
SR1 3EY,-1.389921,54.90703
SS14 1FT,0.454698,51.570787
WF12 8EF,-1.627309,53.690152
LL1 1BW,NA,NA
UB7 0DQ,-0.462332,51.483154
NN13 5XP,-1.187342,51.993904
HD1 2NE,-1.785363,53.644116
NR10 5AJ,1.24094575527426,52.7363393544303
IP28 8NF,0.482592,52.334997
S80 2AS,-1.122961,53.304459
IV3 5BP,-4.229268,57.476889
PE2 9BY,-0.247368,52.559923
OX25 1LP,-1.21439767245119,51.9006214707158
SR5 2TZ,-1.417625,54.918452
SL1 2AG,-0.586238,51.503823
RG1 7TH,-0.976643,51.452937
LE11 5BL,-1.207696,52.772604
BS16 1FJ,-2.540317,51.501526
ME12 4AY,0.804004212952799,51.422450974753
SP2 0QT,-1.877926,51.111845
AL8 6JL,-0.207589,51.802665
EX39 4JH,-4.175993,51.058439
NW1 2DN,-0.132183,51.528044
SE12 0BH,0.021483,51.433833
MK44 2FD,-0.459502,52.215634
S12 2AN,-1.425999,53.358347
SW1P 9DU,-0.135779,51.481027
HS1 2RT,-6.375905,58.203309
BH15 4JN,-2.015815,50.724858
BS16 3HZ,-2.536101,51.477385
BH24 2ET,-1.85024,50.850569
TN34 1EG,0.582125519553072,50.8649658826816
S41 7UG,-1.421264,53.238512
CV1 2GN,-1.513095,52.402418
NG12 5GG,-1.078043,52.878996
SW1 4DF,NA,NA
SO40 4ZR,-1.50393449814471,50.9130510129871
M5 3EZ,-2.2768640000000002,53.467986
WS11 0JB,-2.026966,52.680477
B11 2QG,-1.860602,52.458466
HA6 3PA,-0.411378,51.613994
HP22 6PG,-0.741248,51.752894
Ls2 7UE,-1.531252,53.79823
NE1 1EE,-1.61232,54.970928
NE23 6QW,-1.587731,55.085293
SR5 2JB,-1.404165,54.919394
S1 2DR,-1.467897,53.38432
S1 3SY,-1.475544,53.381136
S60 2DL,-1.354066,53.428406
HP14 4XE,-0.792654,51.680739
Po12 2DL,-1.140616,50.780804
SP4 9LY,-1.740824,51.194834
P02 8BY,NA,NA
CB2 1LA,0.129235,52.196849
BD1 3BE,-1.759606,53.800442
E8 1DY,-0.057953,51.54532
DD1 1QE,-2.975455,56.460252
B79 9QZ,-1.68181132352941,52.6507997647059
DL1 1RU,-1.549849,54.524006
NG1 6HS,-1.154114,52.952764
DN14 6XA,-0.886417,53.708595
CV11 4EL,-1.467656,52.523302
OC1 1BN,NA,NA
GL1 4HY,-2.234303,51.859514
TR1 1HZ,-5.044067,50.268315
M3 3FX,-2.252687,53.480803
EH26 0PZ,-3.195146,55.857743
HP14 4UP,-0.788438,51.678852
En6 3QG,-0.240853,51.688383
LE1 5TU,-1.135187,52.630813
PE29 6US,-0.199856,52.33889
SW1P 4JY,-0.129298,51.493593
BN11 1JD,-0.374065,50.81416
TF2 8LG,-2.43997805035971,52.7016772904677
IV2 7TD,-4.051691,57.582628
TR11 4AU,-5.064503,50.150995
DL9 3LS,-1.70773934108527,54.3753965710595
HG17 5PR,NA,NA
TF2 8AF,-2.440841,52.7196
NE12 9RZ,-1.57034720823529,55.0240673482353
B15 1PL,-1.91423,52.470911
SW1A 2BH,-0.132251108843537,51.5043159251701
SN10 2FE,-1.97233,51.362949
LE157BL,-0.648985,52.729179
NR6 7RA,1.303814,52.652751
So43 7NH,-1.578898,50.871947
SA62 6NN,-5.129105,51.878705
BS1 5AS,-2.603941,51.451617
TR11 4NR,-5.056724,50.152088
ME1 3NF,0.495893,51.364675
LS11 0AT,-1.560679,53.783277
N8 7QT,-0.123081,51.587375
TF2 8LS,-2.442183,52.733718
TQ4 6DT,-3.556424,50.431569
KW10 6UB,-3.990574,57.970135
WR11 5TZ,-1.92888051234043,52.0956870212766
PR26 8LT,-2.744955,53.672908
TW9 3AE,-0.291198,51.485272
EC1A 1NL,-0.105540330316742,51.5211698823529
NN17 3BB,-0.553233,52.573666
CO2 7SZ,0.901885,51.879693
EH6 5PY,-3.185338,55.969986
M90 5PZ,-2.288587,53.361875
OX11 0QG,-1.310979,51.5835
E14 4PH,-0.022078,51.504513
WA4 4GB,-2.57620340298508,53.365798336887
NG1 6AZ,-1.152097,52.954692
EH13 9QW,-3.23938,55.901757
PA34 4NH,-5.472458,56.404507
TA6 4YS,-3.000909,51.13513
KY11 2BX,-3.438717,56.02902
EH3 7LU,-3.214122,55.949273
SW1A 2AA,-0.127695,51.50354
BB7 4TS,-2.389076,53.999468
PO9 2AS,-0.982811,50.856081
WA8 0QR,-2.733862,53.354554
TW6 2LA,-0.448716,51.480358
AB10 1SH,-2.106341,57.145601
DD1 4QB,-2.976984,56.455819
SW18 2BQ,-0.187042,51.451335
SY21 7AP,-3.144454,52.65806
LL57 4DF,-4.179789,53.206975
NG9 6GX,-1.243425,52.904742
CT20 3HF,1.138271,51.077081
HR4 0DD,-2.719496,52.054574
HR9 7AN,-2.579563,51.914837
EH17 7SA,-3.139681,55.909163
LS28 8HH,-1.693624,53.804381
CT20 2RH,1.1637897556391,51.0798203759399
DA12 1DF,0.372449,51.440914
ME12 1PD,0.759138,51.440119
NW9 5JE,-0.242612,51.594436
IP12 1AJ,1.319979,52.094016
PE1 1HF,-0.242008,52.571459
PE13 1AN,0.160033,52.666634
BN21 3XX,0.281692,50.771535
TN40 1QH,0.471152,50.842955
EX23 8BT,-4.54628,50.831182
PL14 3AG,-4.462679,50.454304
PL15 8BQ,-4.360729,50.638420000000004
PL25 5TY,-4.791062,50.337639
PL31 2JB,-4.722651,50.471535
TQ1 3JQ,-3.531298,50.468494
TQ12 2PG,-3.608769,50.531484
TQ5 8NQ,-3.519546,50.393299
TQ9 5EZ,-3.685027,50.427637
TR10 8SB,-5.101562,50.169062
TR13 8AG,-5.271554,50.10053
TR15 1AL,-5.230633,50.234785
TR18 2NP,-5.539174,50.1187
TR7 1BY,-5.080358,50.413817
DE55 7AF,-1.390174,53.096987
DE7 8TU,-1.308887,52.968391
CB11 3NN,0.199205,51.947138
TW13 4NP,-0.434413,51.441717
HG4 2RB,-1.56678549591837,54.1568657020408
DL93LR,-1.724499,54.371759
SW1P 2AA,-0.129328,51.494636
PO10 8DU,-0.910007,50.814885
WS1 1RP,-1.97868799217527,52.5793782488263
KT22 7NF,-0.336727,51.303317
BL1 1SJ,-2.431074,53.576514
NE48 1EQ,-2.587173,55.234454
AB11 6DR,-2.104586,57.144354
KW15 1SD,-2.971855,58.962302
OX11 0GD,-1.309099,51.580873
E1 4PU,-0.040708,51.526713
WC1b 4AD,-0.122152,51.519206
TS6 6LZ,-1.178794,54.579551
B4 6BN,-1.895521,52.483014
HU5 2QW,-0.375782830331754,53.759826414218
CV4 7JJ,-1.56352,52.385976
CH41 4PE,-3.021993,53.392688
WA10 1AP,-2.733755,53.451491
BD1 4XX,-1.752448,53.796418
DL9 3LN,-1.728784,54.370915
SP9 7QN,-1.660643,51.23735
EH12 5WT,-3.22197,55.945223
BA1 1UD,-2.36067,51.377997
BS1 6AB,-2.59336551720048,51.4534188422302
BS15 1AA,-2.50684544279476,51.459619079476
SN10 1AH,-1.992383,51.352198
SO41 9FQ,-1.53966,50.75914
FY2 0JJ,-3.03980028985507,53.8458131539855
BA20 1TG,-2.635606,50.940406
BA5 2PQ,-2.649482,51.209466
BS21 6DF,-2.84991594396552,51.4350226724138
TA1 3RL,-3.104061,51.012209
TA6 3HG,-3.00092488138138,51.1255632777778
EX32 8HD,-4.055986,51.079588
EX39 2NR,-4.208441,51.019678999999996
NE48 2HP,-2.258543,55.135931
EX1 2DA,-3.521738,50.725438
EX14 1JR,-3.19131488445378,50.814292532563
EX16 6FF,-3.48476,50.901795
PR1 1RA,-2.695832,53.759896
DD11 3SJ,-2.633846,56.585495
IV30 8XR,-3.402854,57.656094
SO43 7BH,-1.572483,50.872517
TQ1 4BP,-3.533935,50.469431
SW1H 0NB,-0.131868,51.498851
SA1 5AD,-3.943177,51.622069
SA31 1LP,-4.302353,51.856344
DL14 6RT,-1.677801,54.650229
BN11 5AJ,-0.392288,50.809718
GU1 4UL,-0.580138,51.238395
BN15 8TU,-0.333711,50.82324
DG8 0QH,-4.80852,54.881495
HU17 0JW,-0.404859,53.844173
IP30 9QR,0.898703,52.228839
N17 8JL,-0.079029,51.607453
WS10 9HN,-2.01242,52.554856
S11 8NX,-1.488032,53.371429
IV1 1SQ,-4.214841,57.486281
NN15 6XS,-0.718245,52.373837
PE3 6TL,-0.275435901337793,52.5845120183947
RM6 4NP,0.125287,51.572852
WN4 9PS,-2.632827,53.483385
UB3 5EY,-0.430185,51.481523
BS3 2NS,-2.618391,51.434728
LS22 7FD,-1.37974,53.933648
G83 8PF,-4.731562,56.153917
KY12 8LA,-3.541106,56.040462
GL12 8BQ,-2.461073,51.636205
E1 8EP,-0.0594084649766511,51.5174498432291
PH26 3JL,-3.606097,57.328597
SO15 0AJ,-1.440115,50.91389
CR9 2BJ,-0.104337254295533,51.3756640996564
B26 3QJ,-1.731063,52.451285
RM9 6RH,0.142343,51.524007
LS19 7TU,-1.660453,53.869337
SW1H 9BP,-0.131652,51.5005
B18 4AS,-1.93851,52.492487
ST14 8XR,-1.782243,52.870607
NG14 7DA,-1.038021,53.01613
WV10 7QD,-2.113013,52.647955
SE28 0FB,0.104503002320186,51.5022983758702
CV1 2GY,-1.510358,52.406121
SW1E 5LB,-0.143492,51.496778
BS34 8SR,-2.548529,51.508726
SS14 2EW,0.454793,51.572571
DD11 3SP,-2.626391,56.58264
BS8 2LG,-2.609547,51.46074
G69 8DF,-4.1016259644013,55.875170089536
HP22 5NY,-0.741994,51.77853
YO42 2NT,-0.779899,53.927553
E14 4QQ,-0.022051,51.504514
CA14 2BW,-3.549371,54.643845
TN13 2HT,0.184054871121719,51.276730132458
LS1 5ES,-1.5453,53.79679
DH1 5YB,-1.558802,54.80536
DT11 8ST,-2.156588,50.87555
EX1 2LS,-3.517161,50.72413
EX31 1DX,-4.065455,51.081265
PL5 2TX,-4.189378,50.414636
AB11 6LT,-2.09285107176287,57.1391580904836
PO30 5NX,-1.31356459851301,50.6910841942379
PH33 6SW,-5.047579,56.848718
SP4 0HQ,-1.692376,51.16561
DN5 8UX,-1.145003,53.525178
NR3 1SL,1.301003,52.635274
B33 0NL,-1.768443,52.475529
PO21 3LR,-0.722174,50.783824
EX2 6AR,-3.511354,50.712272
WC1B 4AD,-0.122152,51.519206
CR9 1TR,-0.104337254295533,51.3756640996564
M3 5BA,-2.252206,53.483519
YO1 9PG,-1.076661,53.956607
FK15 0JY,-3.952985,56.200869
SO40 4ZG,-1.440258,50.892497
PL1 3QS,-4.161626,50.366208
BS11 9DX,-2.702119,51.500479
NE4 7YJ,-1.64450018250951,54.9739446147022
WR1 2EE,-2.215886,52.194182
BS1 6EZ,-2.585601,51.452286
CF14 5DX,-3.185868,51.527076
YO10 4AS,-1.068375,53.944095
G1 1HY,-4.246366,55.860073
BT30 8DQ,-5.803408,54.260181
CF14 5SH,-3.196591,51.527543
CF24 0HA,-3.16250743166824,51.4875461687088
LL13 7YY,-3.011276,53.050911
LE1 4AA,-1.136573,52.638087
DY5 1LX,-2.119688,52.486146
NE6 5TL,-1.565966,54.991736
SP9 7DX,-1.675502,51.232617
HU9 5PW,-0.277589,53.744969
NG9 2HF,-1.209318,52.930059
GU11 2BX,-0.75254,51.259421
TA2 6PF,-3.154403,51.038916
SN5 7XQ,-1.817428,51.560588
ML10 6RF,-4.131188,55.609779
PO1 3ND,-1.095352,50.803681
BS1 6RD,-2.585601,51.452286
BS1 6DG,-2.582112,51.45073
GU51 4AE,-0.846216,51.279456
SO15 1GH,-1.41322,50.909099
GU15 4NP,-0.748582,51.340823
SN6 8BY,-1.655369,51.597584
HU1 1RS,-0.33283,53.742371
DN1 2QL,-1.1282,53.525147
LN8 3RQ,-0.301262,53.388102
GL51 0EX,-2.119853,51.89859
B33 0SD,-1.771284,52.472694
SO1 1EG,NA,NA
SP4 9NA,-1.740824,51.194834
CR0 2UR,-0.105045,51.384015
SP11 8BG,-1.576404,51.1952
LD3 7PN,-3.369656,51.942927
NW3 5LA,-0.176101,51.545955
GU11 2DU,-0.754624,51.250363
CR0 3RR,-0.112794,51.38038
PO2 8DX,-1.099833,50.814921
CR0 2LX,-0.094982,51.37502
E15 1AN,-0.001271,51.539726
PO3 5LG,-1.067234,50.832407
G20 8LQ,-4.286913,55.884397
IP12 3TN,1.388133,52.08193
NE12 9SE,-1.567549,55.010262
NG2 1BB,-1.135601,52.945098
AB11 5PB,-2.088069,57.144449
LL65 1ET,-4.633169,53.315565
YO15 2LX,-0.177649,54.093988
ZE1 0AX,-1.140071,60.149503
BD1 4YL,-1.752448,53.796418
EH11 4AE,-3.2938,55.924084
PL6 5EW,-4.120899,50.414034
B32 1AL,-2.011537,52.451922
CH2 4BD,-2.895113,53.22528
KY11 2XX,-3.41449631718061,56.0486250161527
L3 4DZ,-2.981272,53.387502
TF2 8LR,-2.439639,52.731112
GL20 8LZ,-2.096134,51.999965
EX31 4AZ,-4.141343,51.093047
EH11 4HN,-3.295766,55.923038
IP1 1LW,1.148377,52.054919
L18 6HF,-2.909313,53.381294
BD1 5AX,-1.752439,53.790789
BD1 4XY,-1.752448,53.796418
SA3 4EX,-3.981676,51.56532
CR0 2EZ,-0.095237,51.380978
PE1 1TD,-0.241531,52.57379
SY24 5LJ,-4.051395,52.480502
TF4 2BQ,-2.468252,52.676075
S1 4LA,-1.477059,53.37406
FK7 7RR,-3.925849,56.116472
B91 1QU,-1.801753,52.406768
L2 7SX,-2.98994389655172,53.4069018793103
LS1 4AP,-1.556543,53.79596
BS24 8RA,-2.931495,51.338233
TR11 3XZ,-5.059525,50.1511
BS11 9HW,-2.695065,51.509988
CM1 1AH,0.472197,51.736169
CT16 1JA,1.334821,51.129204
CV1 1DE,-1.511686,52.408338
DA1 1QE,0.235599,51.436213
DA17 5AN,0.146611,51.48999
DE1 0AQ,-1.465616,52.914939
DY10 1AA,-2.25044,52.386978
EH54 6TY,-3.543491,55.896244
EN6 3NG,-0.223996,51.688822
GL1 1AH,-2.224896,51.860834
GU1 1FY,-0.547004,51.257907
KT22 0AD,-0.342838,51.30174
LA7 7AD,-2.775881,54.226858
LL11 0AX,-3.03606699845679,53.0634239891975
LS1 1DN,-1.564095,53.796296
LU7 0DZ,-0.676431,51.939352
ME7 1AA,0.546665,51.386408
NG1 1AJ,-1.135526,52.951121
NN1 1AJ,-0.900389,52.236146
PO14 1AG,-1.21893191836735,50.8386823790088
RG14 1AG,-1.333135,51.406824
RH11 9BB,-0.203654,51.083607
S1 1DA,-1.466765,53.38108
SA31 1AN,-4.305908,51.856571
SN14 0AQ,-2.19897959371728,51.4757828921467
UB4 9LJ,-0.397364,51.52997
CF40 2EP,-3.457582,51.626136
LN5 9WA,-0.529579,53.165907
NW9 5HT,-0.254674,51.594927
IP33 2RX,0.736656,52.237692
EC3 8DY,NA,NA
PO6 3RU,-1.09163,50.857239
SW1A 2HP,-0.126765,51.506196
SA7 0EE,-3.906913,51.668138
BT49 0LP,-6.935126,55.164307
PO2 8EW,-1.090024,50.815715
SW1A 2NS,-0.132303561643836,51.5042760958904
SA1 2HP,-3.932548,51.638808
SO15 4EG,-1.42460233051564,50.9170705401522
SN6 8RF,-1.639796,51.602455
NW3 5LS,-0.175543,51.55234
NE12 8EU,-1.584066,55.018702
PO1 4QT,-1.08959584328358,50.7994931012793
SP4 9DT,-1.759216,51.188893
NG8 3HY,-1.211321,52.962264
DL9 3PE,-1.716488,54.363715
LL13 9QS,-2.929236,53.038311
SW1P 4DP,-0.134037381604696,51.4875759941295
WA4 4FS,-2.63919,53.345237
BT29 4BP,-6.210306,54.624585
PA3 2RB,-4.426779,55.85918
SW1A 2EU,-0.132303561643836,51.5042760958904
SN15 4XX,-1.97012,51.50461
BT2 7NH,-5.93089472413793,54.5937655431034
RH10 8BD,-0.186536,51.119
CF11 9LJ,-3.190205,51.483018
SP11 9LQ,-1.636014,51.240347
OX1 1RX,-1.266519,51.750702
B91 3WG,-1.786246,52.413936
CF14 4JY,-3.195048,51.51542
KT15 1ES,-0.514316,51.361835
TS1 2LP,-1.228621,54.575013
SP4 9NY,-1.731431,51.188846
KW15 1LN,-2.95355,58.987639
TF2 8LF,-2.44077,52.730163
CA28 8PF,-3.560798,54.531466
SY23 1DT,-4.087313,52.414208
GL7 5RD,-1.924417,51.693507
DL1 4WD,-1.503646,54.516941
YO10 4JG,-1.06364,53.941892
G2 2JJ,-4.257244,55.862233
YO19 4HD,-1.01993428232758,53.9057752456897
CT20 3HJ,1.138304,51.077084
PA3 2TD,-4.432074,55.864648
PL6 7AJ,-4.080036,50.439426
CR0 2EW,-0.095156,51.380599
PA27 8DJ,-5.040461,56.134562
E15 3QN,0.017498,51.537939
WS14 9TJ,-1.774157,52.659301
G51 3JH,-4.317961,55.854772
B98 9PJ,-1.897502,52.312636
GU11 2BG,-0.746716,51.260699
BA12 0BS,-2.166699,51.206511
PH8 0JR,-3.601803,56.561455
SP118HT,-1.520533,51.206314
E1W 1UQ,-0.070597,51.505483
EH7 4HU,-3.192219,55.962417
OX13 6HW,-1.303155,51.690324
PE30 5LJ,0.390194,52.740856
DD1 5HG,-2.981846,56.458898
SP11 8HL,-1.51253651079734,51.2276540307309
G70 5TR,-3.994464,55.94682
BS5 0GB,-2.568151,51.459817
TD1 3SG,-2.768364,55.60449
N14 4PU,-0.141474,51.640713
GU11 2LB,-0.754229,51.26391
PO10 8DH,-0.92387,50.820679
IV53 8UT,-5.566785,57.341408
PR4 3JQ,-2.937658,53.820878
SP40JQ,-1.700254,51.135111
PO6 2SR,-1.064899,50.83702
CT15 5NA,1.3435,51.133175
DN21 2NA,-0.77265,53.398879
LN1 1YZ,-0.544371,53.231843
NG19 7BH,-1.204905,53.151114
PE25 3PA,0.333548,53.143607
SP4 9LS,-1.76539131027857,51.1657060874159
SN13 9TU,-2.190509,51.418815
G81 2NR,-4.413888,55.906149
BH1 4NQ,-1.842631,50.732368
FY5 3BD,-3.026238,53.871971
TR8 4HP,-5.000044,50.439657
G2 8DQ,-4.260729,55.857864
PL1 4RW,-4.181058,50.371354
NR19 1DX,0.93013305446294,52.6752301437214
NR32 1RW,1.73235886823105,52.4895230857401
B79 7JJ,-1.688846,52.632975
S40 1TJ,-1.44617705282331,53.2341086010928
ST5 1RS,-2.23935122648084,53.0154083434545
WV15 6BP,-2.412078,52.533081
YO18 7NT,-0.67001,54.359123
B68 8DH,-2.014322,52.483159
DT11 8AS,-2.121171,50.876302
PE1 1NG,-0.246249,52.5702
RG20 7EX,-1.401776,51.479155
NG34 8HG,-0.490962,53.036357
AB11 5EZ,-2.088069,57.144449
CT1 1EZ,1.086735,51.283841
CT11 9EW,1.415221,51.332416
CT16 1NN,1.310095,51.130239
CT9 1LB,1.382713,51.385811
ME10 4BP,0.736677,51.339023
EC3 4AB,NA,NA
ME15 6AW,0.526516,51.272625
B91 2AA,-1.777474,52.415861
BD1 4RP,-1.75221,53.800723
CW1 6GJ,-2.416207,53.091822
AB42 1DG,-1.772901,57.504689
CV11 6QN,-1.399176,52.493299
PA31 8RS,-5.427816,56.034119
SW1A 2HR,-0.122191,51.505646
SP9 7EP,-1.665719,51.239078
CV1 2WT,-1.508122,52.400997
IV15 9XB,-4.449987,57.601318
BA13 3PX,-2.191352,51.252404
NE48 1ER,-2.580191,55.233987
SW1H 0TL,-0.135189,51.497877
NE98 1BA,-1.614988,54.941776
S12FD,-1.466931,53.383381
EH3 9QA,-3.208181,55.943576
EH12 9DN,-3.359951,55.946288
Y01 7PX,NA,NA
CO2 9LL,0.894365470967742,51.8697388860215
DA8 1EW,0.165605,51.492276
KY11 2XH,-3.449462,56.032695
NG23 5NN,-0.910076,53.019003
RH1 1DS,-0.177629,51.241461
MK44 3ST,-0.42184,52.118489
SA7 0AN,-3.907881,51.669156
LE15 7BX,-0.671635,52.71043
EH12 9FJ,-3.342917,55.923657
IV1 1ER,-4.23434030743244,57.4837557905404
LS19 7AY,-1.686455,53.869795
EH3 7HL,-3.21515,55.94937
SA12 7NN,-3.820086,51.59952
OX25 1NZ,-1.114282,51.852235
SW1P 4DL,-0.130616,51.493793
NG31 7TJ,-0.641700206222222,52.9144325386666
CW1 2LQ,-2.445088,53.097848
LA1 1JW,-2.803588,54.050848
M1 5LD,-2.23620500806452,53.4776250060484
PR1 1LX,-2.697967,53.761519
AB23 8DU,-2.086361,57.180461
ME14 2NA,0.519278,51.288403
DE74 2HN,-1.31143,52.826534
BH15 2BQ,-1.98336,50.719444
BR6 6EU,0.107586,51.356479
CF10 1EP,-3.178621,51.476661
CO1 1XD,0.892441,51.900761
EC1M 6BY,-0.104727,51.520295
NG2 3AQ,-1.1469,52.94707
BT28 3NF,-6.08726673615308,54.5227422024169
HP22 5NX,-0.743403,51.781045
PA31 8SQ,-5.486362,56.060885
S3 7DQ,-1.472901,53.385745
PR1 1HB,-2.697903,53.761313
BS1 5HA,-2.59336551720048,51.4534188422302
S71 1NU,-1.474159,53.571634
BH6 4BJ,-1.78984,50.720614
CO12 4SR,1.255433,51.947321
IP11 3RF,1.32807,51.945867
BH20 6LY,-2.24077,50.70167
CF37 1BW,-3.330548,51.59855
BS1 6AG,-2.586632,51.449555
BS21 6FW,-2.840985,51.438683
GL20 5TT,-2.164809,51.986915
TA6 3HJ,-3.003759,51.130762
PH1 3EN,-3.478948,56.445919
BN2 0LN,-0.133712,50.822947
BN3 7GA,-0.205244,50.836228
TN37 6LJ,0.558143,50.858456
G84 8LA,-4.779277,56.016713
IV1 2TD,-4.23434030743244,57.4837557905404
BS10 5NB,-2.592962,51.49727
NR33 0HT,1.739729,52.458291
NE38 7SF,-1.536068,54.900792
IV32 7LL,-3.132947,57.617035
E14 2BQ,-0.019015655211913,51.506272504582
B1 1AA,-1.90862826013514,52.4802876891892
BH15 1AU,-1.982341,50.717178
BN15 9BB,-0.322068,50.829971
CA3 0HA,-2.951507,54.924235
CB1 0AH,0.137179,52.192254
CF72 8EX,-3.372736,51.543373
CR4 1NL,-0.139497,51.400133
CW11 1HJ,-2.362366,53.145555
DG8 0QE,-4.814898,54.878813
DN31 1BL,-0.085012,53.565406
EX1 1AE,-3.531867,50.722796
G64 3BU,-4.227582,55.908538
LL65 3PA,-4.500256,53.275152
NN14 1EU,-0.739242,52.363346
OX26 2JJ,-1.163444,51.898898
PO14 1AU,-1.190649,50.829785
TR15 1AF,-5.229658,50.234992
L1 7XS,-2.98042350343249,53.4024168878719
SW1P 4JA,-0.128717,51.493367
BA14 8XR,-2.211519,51.319115
BH15 1NZ,-1.985217,50.715883
BH24 1HY,-1.790689,50.846413
DT4 8TG,-2.459983,50.607449
GU14 7NP,-0.752319,51.296361
PL4 0AJ,-4.133116,50.371393
PO12 1RR,-1.126031,50.794688
PO6 3DR,-1.06745,50.842229
PO9 2AR,-0.98285,50.855596
SN1 2HY,-1.780119,51.561801
SN10 1AE,-1.99201,51.351578
SN15 3LH,-2.11071,51.454264
SO14 2HP,-1.397039792,50.9076818422857
SO23 8GA,-1.31643,51.06639
SO41 9AQ,-1.539378,50.759076
SO45 6ZL,-1.399903,50.869528
SP10 3AJ,-1.491419,51.206119
SP2 7RW,-1.800248,51.070995
SA73 3HB,-5.052985,51.70786
IP27 9PN,0.550689,52.395171
PE1 1QG,-0.238458,52.574616
IP33 3RN,0.698248,52.248046
GU10 4LG,-0.845528,51.179137
PO8 0QE,-0.980611,50.958893
PL1 3HQ,-4.157756,50.369239
SA14 8YP,-4.08739,51.697981
GL16 8BA,-2.617461,51.794667
EX6 7XR,-3.580363,50.65164
SW1H 0NN,-0.1318,51.49901
CH6 5BB,-3.1451105,53.249552375
CH7 1LH,-3.135938,53.170011
LD1 5HU,-3.376856,52.238439
LD3 7HL,-3.38899,51.943366
LL40 1BP,-3.880663,52.742543
SY16 2PZ,-3.318607,52.513608
BT18 9RA,-5.842465,54.63077
DD1 1NZ,-2.975455,56.460252
KA7 2RZ,-4.63029933297063,55.4473561262242
WV1 4JX,-2.13412,52.58567
PL4 9LT,-4.13315,50.372166
TS5 4AD,-1.270578,54.563563
SW1E 5ND,-0.143849,51.496414
BT20 5ED,-5.666989,54.663987
CF39 9RB,-3.405856,51.611023
CF64 3DA,-3.173374,51.434118
NP4 6QX,-3.062536,51.709728
SA11 1LY,-3.805882,51.662182
SA13 1LX,-3.782595,51.59568
SA61 1BH,-4.967037,51.800875
G4 0BT,-4.252409,55.868164
OX13 6JB,-1.303825,51.686273
NN7 3BB,-0.926694433128835,52.2091993680982
S33 0BD,-1.690658,53.34738
BA22 8HW,-2.63953,51.017853
CO12 4SX,1.255499,51.947427
PO6 3XB,-1.072297,50.839174
BT4 3SH,-5.831826,54.601639
SW1H 9AE,-0.133749536842105,51.4979181473684
RG25 1QT,-1.16199913421053,51.2273678263158
NE2 4NP,-1.631777,54.979927000000004
OX5 1RE,-1.311824,51.82741
DL9 4HE,-1.71584,54.372916
MK44 2FQ,-0.425650853435115,52.1964576519084
L23 8SY,-3.055075,53.497113
TN6 1UB,0.129241,51.046881
BS34 8SJ,-2.56646520989144,51.5236509264173
WD18 0GA,-0.400218,51.65615
SO21 3EN,-1.329186,51.118852
HG4 2RD,-1.550021,54.144763
BB10 3AA,-2.231176,53.794185
BB2 2LE,-2.487024,53.742956
BB4 6NL,-2.322966,53.702555
BB5 4AQ,-2.381716,53.758576
BB9 7QH,-2.211048,53.839365
FY4 3AP,-3.040419,53.798657
FY7 6UJ,-3.022355,53.91539
LA4 4TA,-2.858898,54.060524
PR1 3XP,-2.693864,53.7574
PR1 6US,-2.67933,53.772161
LE11 3EY,-1.206406,52.769386
TS1 2AD,-1.227435,54.574762
TW11 0JZ,-0.344864,51.426773
EH1 3YY,-3.189294,55.953756
CM2 5PB,0.509292,51.749519
GL6 8GA,-2.135691,51.711322
LE18 4UY,-1.139753,52.584044
RH6 9ST,-0.137735,51.156057
SO21 1BX,-1.239246,51.104008
E1 8DT,-0.072707,51.512505
N1 4BZ,-0.077347,51.545359
SW17 7TN,-0.161907,51.434263
KW14 7TY,-3.737747,58.579672
YO10 5DD,-1.053544,53.948419
SE18 4BW,0.054333,51.484899
BN12 4XE,-0.430614,50.812605
LD3 7YN,-3.304139,51.899614
LS2 9UA,-1.54732794578313,53.8025391475904
SA6 6DP,-3.930616,51.668173
TA1 2DN,-3.078378,51.023501
SW1P 3BD,-0.128043,51.500335
RM14 3NS,0.283225,51.551829
NN7 2HX,-0.840283,52.157669
EH1 1DG,-3.19411617575758,55.950425930303
SW1E 5LE,-0.139648065217391,51.4976048478261
NR1 2DQ,1.306772,52.614364
SW1A 0AA,-0.124663,51.49984
CA11 9RR,-2.796769,54.756003
SP4 0JE,-1.756781,51.164817
HS1 2BA,-6.390684,58.208003
CM1 3AE,0.447,51.723405
DN6 7DU,-1.172191,53.578448
L36 6JF,-2.81392,53.403916
NN7 4PP,-1.087782,52.232807
ST16 2RF,-2.124505,52.812621
WV10 7JD,-2.113836,52.640529
G52 1DH,-4.324252,55.849904
L69 3HS,-2.976431,53.380332
M5 3EB,-2.283255,53.466389
LA22 0QJ,-3.023253,54.340672
SN15 4TR,-1.968999,51.511156
LN1 2ST,-0.542081,53.300537
G84 0HL,-4.835609,55.98413
YO1 9SB,-1.081121,53.956174
PH33 6RQ,-5.12097,56.811839
BS5 0AD,-2.55187298152425,51.4620272856044
SW1H 9DA,-0.13132,51.500171
WC1E 7HT,-0.130687,51.520925
SW1H 9EA,-0.134909,51.499437
SO43 7BU,-1.56437,50.875338
S3 8NH,-1.466972,53.386114
LU1 2ER,-0.415224,51.880862
SG1 1EZ,-0.200661,51.904087
SS1 2AP,0.7157,51.53743
SS14 1JE,0.458789,51.57148
TN23 1HT,0.876245,51.144701
TN9 1DU,0.273321,51.194339
TW1 3SZ,-0.329453,51.4482
W3 7JL,-0.247651,51.50837
DL9 3BA,-1.724275,54.376289
HU2 8BG,-0.33729,53.747514
BT1 3GN,-5.923568,54.596824
DH1 5ZL,-1.582421,54.791011
L3 9BD,-2.996498,53.41108
CF14 4YJ,-3.197866,51.506921
GL1 1DG,-2.2399,51.866192
HG3 2SE,-1.597654,53.995225
SA43 2BU,-4.560533,52.134154
E8 1DZ,-0.056389,51.546102
ST18 0GU,-2.084722,52.815095
HP13 6EX,-0.739101,51.6294
PH22 1QU,-3.758218,57.1797
LS1 2SL,-1.553797,53.798199
PO12 2NG,-1.160932,50.78847
WC1H 0AL,-0.127965,51.522977
YO10 4PA,-1.074394,53.943359
PL1 4SE,-4.178306,50.370879
BN9 0EH,0.05584,50.798431
OX11 0QS,-1.25176043510738,51.5994779841271
GU11 2HP,-0.778859,51.268027
EX1 2DQ,-3.520884,50.728381
WC2R 2LS,-0.116253,51.511612
CB21 5XH,0.191415,52.185936
NG21 9JL,-1.095519,53.164842
NW1 2BE,-0.133943,51.525896
SW1A 2DD,-0.127149,51.50702
YO18 7EL,-0.77207,54.24142
EC2A 3NH,-0.079996,51.523541
BN12 4XJ,-0.429236919825073,50.8139831559767
LS1 2JY,-1.547579,53.797619
DL11 6AH,-1.827199,54.360787
YO31 7EE,-1.074303,53.966062
EH2 4SD,-3.210111,55.948984
CR0 2RJ,-0.107018,51.381753
LN4 4FJ,-0.290381,53.081489
EH3 7UL,-3.212793,55.951316
BS1 6PL,-2.584303,51.448559
PL1 1EG,-4.15365767162471,50.3705399713959
LS19 7YA,-1.673146,53.864214
B26 3QN,-1.752465,52.450046
CA6 5LX,-2.970628,55.009193
SW1A 2EH,-0.12416,51.50549
PR40TF,-2.823425,53.825759
RH6 0PJ,-0.177974,51.160828
TW6 3XB,-0.447373,51.459667
CF24 0JH,-3.160929,51.484561
KY11 2AX,-3.438586,56.028105
HA6 3EZ,-0.406986,51.619181
G83 7AZ,-4.777465,56.162241
PR5 8BX,-2.650784,53.718839
DD1 1QB,-2.975889,56.461371
LN5 0RL,-0.677194,53.075881
DD7 7RY,-2.780592,56.484423
IV19 1PE,-3.993491,57.810959
B3 2QA,-1.897029,52.482399
KA151TJ,-4.62654513191489,55.7483085829787
G2 2BA,-4.258689,55.863145
IV1 1ES,-4.227918,57.479375
EH1 3XD,-3.19411617575758,55.950425930303
PO2 7AE,-1.087992,50.809928
G84 9HL,-4.709503,56.007965
IP26 5EP,0.70476,52.495735
HA46NG,-0.409419,51.558046
KA15 1JT,-4.627164,55.736749
PR4 2RN,-2.873205,53.774905
L3 9BP,-2.996175,53.410138
S1 2GQ,-1.472676,53.382059
CH41 6NU,-3.019637,53.393518
TA5 1HJ,-3.168314,51.121991
LN1 2TR,-0.551949,53.298931
EX31 1DR,-4.0624,51.079988
TQ1 3EQ,-3.533764,50.472410000000004
SW1P 2DY,-0.134529,51.496032
CF31 4AA,-3.580007,51.505038
G51 1EA,-4.294247,55.858556
CM24 1RW,0.261741,51.889938
TF17GY,-2.45879,52.722903
WF1 1LR,-1.497452,53.680331
BS34 7QW,-2.570711,51.533463
HP225PG,-0.727892,51.774854
BB11 1AG,-2.242094,53.792132
TS1 2BA,-1.229511,54.576222
SW7 1SE,-0.163264,51.502268
WC2R 1DH,-0.113882,51.513183
TF1 7GY,-2.45879,52.722903
GL10 3UJ,-2.274564,51.708441
Sl4 1HS,-0.611936,51.477548
WV7 3PZ,-2.279105,52.632307
OL1 1BN,-2.11289,53.539891
NG1 1EL,-1.14456,52.95569
LL17 0HQ,-3.478156,53.257877
IP270TJ,0.669823,52.458481
SN1 1SZ,-1.78207729704301,51.5565416989247
TQ2 5UX,-3.531311,50.465409
ST15 0QN,-2.21708,52.891999
SY4 1BH,-2.926468,52.759178
LL19 7TE,-3.416856,53.336686
CR9 2by,-0.098363,51.378385
EC2M 7LS,-0.085779,51.518746
SP9 7BT,-1.670814,51.233679
EH1 3YT,-3.190173,55.954197
NW1 3DP,-0.139304,51.525235
BA12 9DT,-2.15996,51.203463
IP24 2DJ,0.737299,52.389556
NP26 5XL,-2.764427,51.616611
B976QQ,-1.95423755099503,52.2997252437811
BS1 1DB,-2.595467,51.455176
SA1 5AG,-3.942962,51.622117
BD1 1LB,-1.75451,53.791641
LS27 7LE,-1.629036,53.747329
S3 8LU,-1.46503,53.385189
ME12 4AA,0.850992,51.394959
PO16 7AD,-1.173999,50.855253
SW1W 8NR,-0.155313,51.491864
EH11 4XD,-3.25229695353748,55.932716531151
LE5 3DR,-1.112902,52.638344
TR1 2PU,-5.050717,50.262213
BS1 6EA,-2.582424,51.450369
IV36 0UH,-3.6071550967033,57.6096638659341
BN3 1TL,-0.149485,50.832671
LN1 3AA,-0.539138,53.23458
NE65 7UP,-1.911279,55.308998
NR7 0HS,1.36526,52.629066
CW1 2DT,-2.438755,53.097683
SA6 7HG,-3.945445,51.669997
KA8 0BD,-4.61244466294228,55.4717599162011
BN21 3LG,0.281748,50.771516
CT20 2TP,1.167465,51.079064
CA14 4AS,-3.54234,54.64397
CA3 8QH,-2.935533,54.897516
B45 9UA,-1.994254,52.395878
B4 6NF,-1.894445,52.483301
SA1 2AW,-3.940599,51.62462
B26 3DU,-1.793669,52.455204
B5 4UU,-1.898516,52.476224
CV1 2SN,-1.50644,52.405584
DY1 1RR,-2.08755,52.509426
WV1 3LQ,-2.122132,52.584361
DE4 5LZ,-1.528518,53.150982
SW1A 2HD,-0.123846,51.506041
B4 7NA,-1.894156,52.483089
DY5 1LN,-2.116189,52.485883
WS1 1JQ,-1.97796,52.584825
SN13 9ET,-2.212909,51.418676
WC1A 2EB,-0.122152,51.519206
BN21 3UH,0.280779,50.770523
LL57 1EP,-4.122301,53.228817
TW15 3JZ,-0.48285,51.432921
LN1 3NQ,-0.548009,53.239466
DE21 7BB,-1.428008,52.910287
AL4 9HQ,-0.28518,51.778321
TN14 7AD,0.149872,51.33133
CB1 1EG,0.130606,52.204413
SW1H 9AG,-0.134625,51.500035
S3 8NY,-1.47399098312236,53.3874434599156
EH12 7TF,-3.290084,55.94036
DG1 3ES,-3.595308,55.069689
ST5 2DG,-2.23935122648084,53.0154083434545
WN2 5TH,-2.576949,53.517752
CB8 9YL,0.507276,52.138926
MK9 2YH,-0.766292,52.041038
M90 3RR,-2.272621,53.365506
SG1 1JQ,-0.1951911302589,51.9128447540453
KA151JT,-4.627164,55.736749
LL14 6RN,-3.064453,52.986405
L3 1ES,-2.984332496337,53.4082801007326
BS1 5TL,-2.602413,51.451472
SA13 1SB,-3.78595,51.590648
CB2 0QW,0.139114,52.173741
TS3 6RT,-1.220707,54.577877
NE1 3BD,-1.596569,54.971389
PE29 3BD,-0.186597,52.330362
SW1H 6NA,-0.133749536842105,51.4979181473684
SW1A 2WH,-0.128688,51.506748
WC1H 9AZ,-0.127523,51.527763
LL13 7YX,-3.010928,53.048801
OX1 1RZ,-1.267367,51.750231
FY3 7AT,-3.038928,53.825536
SW1A 2JL,-0.124354,51.502803
BB10 2NQ,-2.240888,53.79093
WA4 4HS,-2.645954,53.327621
L3 9AF,-2.994986,53.408854
BN1 4FR,-0.140022,50.828875
HU1 1RN,-0.337521687707641,53.7429102790698
SN1 3UZ,-1.778321,51.555433
LE11 2TW,-1.205807,52.768115
PR25 9EJ,-2.706661,53.700204
EH54 6NQ,-3.510956,55.88457
SP4 0JF,-1.75681,51.164763
TN29 9JR,0.898768,50.945761
CR9 1DY,-0.104337254295533,51.3756640996564
PH1 1RX,-3.4823210000000002,56.388805
SA5 8AN,-3.958751,51.640523
IP33 2QZ,0.709176,52.231662
LS1 2BH,-1.548902,53.799293
CT21 6HF,1.0797620000000001,51.065119
AB21 7EG,-2.194422,57.205133
CF37 1SD,-3.3343588446712,51.603370654195
DH1 5TS,-1.58518,54.788774
PO16 7SL,-1.184057,50.855278
EX1 3PB,-3.475646,50.727622
CB2 8DF,0.123489441941075,52.1864094142114
CA1 1DJ,-2.931525,54.893431
CM2 6JQ,0.480144,51.734769
BA12 0DY,-2.158371,51.21163
CV11 5RD,-1.470934,52.51911
CO4 5JL,0.899182,51.910164
CT9 1UW,1.3808,51.386388
CT1 3RH,1.068262,51.273295
IP28 8NG,0.47556,52.370214
SP2 7EP,-1.810179,51.072849
PL1 2ER,-4.141694,50.369194
TQ2 7AZ,-3.551821,50.486767
G2 7TS,-4.266288,55.861672
YO61 3EG,-1.181501,54.102566
NE33 1RG,-1.438895,54.99313
CF10 3PG,-3.18027,51.484547
SO31 7AY,-1.283582,50.884555
OL1 2JG,-2.11979,53.546689
BL9 0LN,-2.301258,53.594079
GU21 4XY,-0.571844,51.336401
M5 0LY,-2.28043,53.481217
BH20 5QF,-2.232513,50.632667
EX33 2NX,-4.188419,51.082255
PL11 3AL,-4.261948,50.360971
B4 6LG,-1.89260683246073,52.4859622931937
AL1 3HZ,-0.335898,51.751247
YO1 9WL,-1.076551,53.954692
WR3 7BT,-2.226905,52.212035
CT20 2LP,1.159249,51.076057
GL4 3RT,-2.204856,51.863802
LN2 1EW,-0.537301,53.23048
OX4 2RU,-1.208353,51.730212
PR1 3JE,-2.704416,53.753455
BB5 0PX,-2.3694,53.746526
BB2 2HL,-2.486808,53.745249
CW1 2DP,-2.438755,53.097683
ME4 4DW,0.519555,51.384027
LN5 7PS,-0.54204,53.224614
BN2 0RF,-0.135228,50.823016
BN2 0JD,-0.135442,50.822983
L36 9XY,-2.84156900738397,53.4144024335443
L17 7BQ,-2.951583,53.377036
L3 7HS,-2.995922,53.414114
L8 3SA,-2.950335,53.388534
NE29 6AR,-1.459404,54.997581
S66 1YY,-1.254186,53.421946
DE21 7BD,-1.428713,52.91242
W12 0AN,-0.239445,51.516016
M16 0PQ,-2.283606,53.460186
TF3 4HW,-2.452292,52.677369
NG15 6FY,-1.227212,53.025393
LE2 2PJ,-1.106641,52.616298
LE1 6YF,-1.130088,52.628277
DE22 3BR,-1.501454,52.927131
NG3 4JF,-1.140074,52.971721
SK8 7NU,-2.217761,53.393134
SK9 5AF,-2.236049,53.325524
G2 2XL,-4.258828,55.86393
BS4 5LA,-2.544051,51.427894
L2 5UZ,-2.988645,53.407863999999996
NR3 1RT,1.299307,52.632587
IP33 3TU,0.687067,52.248733
G4 0LQ,-4.25307999022801,55.8678945960912
WC1P 3BQ,NA,NA
WA7 2EG,-2.701584,53.336817
B4 6QT,-1.894051,52.483736
CH41 9BP,-3.0117,53.383516
WD1 8BP,NA,NA
TN1 2XP,0.268658,51.135227
NN8 4HY,-0.69717,52.300688
TN38 0ET,0.559052,50.852473
NR32 1UL,1.757928,52.484456
CM20 1DR,0.091265,51.770805
NN1 1NS,-0.896662,52.235284
BN2 9QA,-0.135393,50.824943
CM1 1PP,0.473722,51.739507
SS2 6BA,0.716825605755396,51.5508809179856
BN17 6AP,-0.537094,50.812424
RH10 8BF,-0.182708,51.11751
RM17 6XR,0.328371321428572,51.4797101447369
RH11 8PB,-0.198022,51.112064
AL10 9SJ,-0.238102,51.765908
DA11 0AT,0.364512,51.442154
AL1 3XH,-0.333462,51.750915
ME4 5QN,0.531099,51.378346
IP4 1AQ,1.155947,52.054264
PE30 1HP,0.39293,52.754027
CO1 1HL,0.899639,51.892651
TW18 1AJ,-0.502061,51.429238
NN16 8UW,-0.74516,52.406384
BN11 2BE,-0.360463,50.813835
NN8 1HF,-0.689109,52.301573
BN11 1JE,-0.374065,50.81416
BS23 9BJ,-2.957023,51.343881
LL55 1BN,-4.272231,53.141879
CB5 8RY,0.153706020491803,52.2122628483606
PE28 2EG,-0.110828,52.348155
CV32 4LX,-1.53158383801296,52.2977351609072
B97 4AB,-1.942364,52.308387
SY1 1NA,-2.750927,52.712603
TA1 1SN,-3.098715,51.01645
MK9 2YK,-0.752901333333333,52.0397776085271
TR1 2LH,-5.049051,50.262725
G2 8JQ,-4.263516,55.857139
L2 6PY,-2.986858,53.406701
NP20 2GE,-2.986461,51.582415
TN23 6JZ,0.86318,51.127627
RH12 1XH,-0.325075,51.064177
PL1 2TS,-4.144066,50.368476
GL1 2DE,-2.249397,51.863403
GL50 3PF,-2.083165,51.898989
EN8 9XB,-0.047845,51.703409
AL1 3LB,-0.336794,51.752491
LA14 5QX,-3.227592,54.116521
BB1 6DJ,-2.482482,53.749899
BB2 1AF,-2.50172650377643,53.7416217462234
FY1 5RH,-3.04711185857573,53.8152818114344
BB11 1XD,-2.247153,53.787727
BB11 2BS,-2.242126,53.787072
PR7 1DS,-2.65481530801105,53.6483951436463
LA1 1UZ,-2.803588,54.050848
LA1 1XZ,-2.797377,54.046532
PR1 2PD,-2.698526,53.759557
B15 1SD,-1.930292,52.47337
CM1 1NT,0.473167,51.735906
LL55 1RT,-4.276864,53.14126
BH21 6QS,-1.88276,50.837414
EH1 3BX,-3.19411617575758,55.950425930303
BS1 6NP,-2.590458,51.452873
WF13 2AF,-1.633446,53.696571
CF24 3UZ,-3.16250743166824,51.4875461687088
IP33 1TR,0.711013,52.248581
M5 3BS,-2.28420842713568,53.4793918375209
DL3 9BG,-1.57138238802083,54.5324382230902
SW1H 9AA,-0.132347,51.500873
EN6 3QG,-0.240853,51.688383
YO12 7AE,-0.408033,54.28152
NE38 7SD,-1.532511,54.899583
SE1 6EH,-0.099521,51.492916
M3 5BN,-2.252206,53.483519
BS1 6BU,-2.588134,51.451103
SW1h 9AJ,-0.134625,51.500035
OX4 2GX,-1.209853,51.728909
SO50 9FH,-1.352398,50.969828
ST5 2AA,-2.225233,53.013305
YO18 7LT,-0.686883,54.274443
SG1 3SS,-0.206204,51.907634
YO11 2JS,-0.404397,54.280204
IP24 1JD,0.74977,52.420624
YO1 9RE,-1.081908,53.956414
BT2 8BG,-5.929478,54.593807
ST18 0AY,-2.074025,52.832955
SO16 4GX,-1.448766,50.92331
SW1H 0NF,-0.133749536842105,51.4979181473684
B15 1SL,-1.915338,52.471841
CM20 2ET,0.092501,51.780034
SA1 5EA,-3.946211,51.622405
OX25 1NY,-1.116522,51.857988
AB10 1BJ,-2.107375,57.146051
YO32 9WN,-1.048084,53.990538
TW14 0LS,-0.414073,51.45816
TW14 0LR,-0.4126,51.458536
CV3 8EN,-1.47815635268185,52.3909014526085
BS34 8YU,-2.532409,51.517675
GU11 2AA,-0.745873,51.25392
ME15 9BZ,0.542576,51.248768
SS2 6EU,0.709729,51.543728
ME15 6NB,0.524445,51.271996
MK40 3NN,-0.475936435028248,52.1376943548022
ST18 0YA,-2.058607,52.813609
JE4 8QT,NA,NA
L20 7BE,-2.993292,53.445919
TS1 2AS,-1.234574,54.573523
N3 1BQ,-0.195491,51.600443
EN1 1TR,-0.057274,51.649494
NW10 8SB,-0.249004,51.535466
OL6 7AJ,-2.097128,53.48993
NP11 8QQ,-3.13181856780595,51.6441077045204
WC1X 8HN,-0.111382,51.518925
SE1 6AZ,-0.096536,51.498182
YO1 9WZ,-1.079647,53.955273
CB2 3AX,0.122453,52.204389
YO16 4NG,-0.20443,54.087163
HU17 9BE,-0.427261,53.8408
NG21 0HJ,-1.143101,53.130244
G2 5LP,-4.268623,55.862527
GU11 1DP,-0.76768,51.249179
OX4 2LH,-1.207764,51.72912
GU15 9PZ,-0.766623,51.330863
BR3 4LR,-0.03381,51.407975
E7 9HL,0.018612,51.545509
NW1 7HA,-0.14478,51.539125
NW2 3PS,-0.209473,51.551496
SE5 0AJ,-0.091226,51.482853
SE6 3AU,-0.022094,51.442212
SW2 2QD,-0.111488,51.445233
B97 4BT,-1.941833,52.310823
OL7 0QP,-2.121773,53.48073
M29 0JU,-2.45841980176991,53.5085129858407
PE1 3RW,-0.242591,52.597469
CM19 5AW,0.071094,51.7611
HS1 2QG,-6.384726,58.208316
IV1 1RY,-4.221305,57.485585
DL5 5RT,-1.569632,54.620363
CV11 4WX,-1.464642,52.52274
MK9 2DT,-0.765355,52.041199
B16 6FR,-1.930292,52.47337
M60 1JJ,-2.23251281981982,53.4852584459459
TS1 2AE,-1.231232,54.575209
TS1 2EP,-1.231527,54.572685
TS17 6QX,-1.30646,54.562479
TS6 6DF,-1.179332,54.579775
DE24 8BJ,-1.4530038324515,52.8893351728394
BB1 1XD,-2.453768,53.739369
M33 6FS,-2.327325,53.424534
WR1 1EQ,-2.221883,52.196949
GU2 4EE,-0.577741,51.225533
M5 0BY,-2.280431,53.4812
nE3 4DJ,-1.620986,55.00282
SA15 3AW,-4.163142,51.682104
BA20 1SW,-2.633787,50.939623
SA11 3BN,-3.799453,51.661597
M23 9LT,-2.293183,53.387922
GU11 1NY,-0.768949,51.250496
GU11 1SS,-0.759963,51.248304
PO30 5YT,-1.291445,50.701368
SW1P 3JU,-0.12625,51.497321
TW9 3JT,-0.29038,51.4775
B70 9LP,-2.004599,52.523321
BS34 7QE,-2.570711,51.533463
GL52 8SF,-2.066288,51.936142
CV32 6JG,-1.536714,52.299753
NR30 1PW,1.724933,52.613173
SN15 1GG,-2.108859,51.468571
SP1 2PN,-1.78892401188707,51.075186141159
L3 4BL,-2.979785,53.384952
TA1 2PX,-3.067996,51.014082
SW1A 1HQ,-0.132303561643836,51.5042760958904
WF2 9RF,-1.508822,53.680556
S2 2RB,-1.446624,53.370381
S65 1NN,-1.345107,53.433553
SO14 2ET,-1.403861,50.895734
LL24 0DS,-3.869105,53.101225
AB11 5QP,-2.094598,57.141747
NR31 3PL,1.70878593209876,52.5749550026455
SW1a 2NP,-0.125885,51.504113
DY10 1QR,-2.240392,52.384662
WS15 2FX,-1.932383,52.761817
WA4 4BB,-2.642662,53.330327
GU11 2DX,-0.741907,51.254822
NG1 6EH,-1.14864770866142,52.9546833307086
BS34 7QQ,-2.580489,51.509894
PR1 2QT,-2.702369,53.76348
TW9 3AB,-0.290781,51.478127
DH1 1SL,-1.576117,54.77954
KT18 6JN,-0.263365848425197,51.3161586633858
PO1 3NJ,-1.08959584328358,50.7994931012793
CO2 7SW,0.894365470967742,51.8697388860215
RH12 1XA,-0.332508880769231,51.0770852192307
DY15 1XA,NA,NA
BS1 6HR,-2.59336551720048,51.4534188422302
E15 1AS,0.00352257525510204,51.5402990714286
WD17 1HU,-0.40579431542461,51.6637650329289
NE99 1ZZ,-1.61461106635071,54.9690572369667
NN1 3YY,-0.888355438848919,52.2416590359711
NG1 7BT,-1.14864770866142,52.9546833307086
SY23 1LY,-4.05102351983723,52.3800456673449
NE38 8QS,-1.52498159253731,54.8937992208955
NW1 3UQ,-0.142553995377505,51.5328315023115
B1 1TG,-1.90862826013514,52.4802876891892
AB24 8DB,-2.1079170955335,57.1639207282878
L2 7XS,-2.98994389655172,53.4069018793103
CT20 3HE,1.1637897556391,51.0798203759399
L2 7PS,-2.98994389655172,53.4069018793103
NE1 6BP,-1.61155531777379,54.9724864524237
YO1 1PG,-1.08244685648148,53.9585659768518
B3 1LB,-1.90193188317757,52.4856629906542
NG1 6HU,-1.14864770866142,52.9546833307086
HA0 2NA,-0.305712439766081,51.5513331461989
ME14 1RE,0.544489043233085,51.2771998787596
NN1 3LY,-0.888355438848919,52.2416590359711
B61 0AD,-2.06822074166667,52.3462962555556
OX25 0PP,-1.215910421875,51.9008949285714
NE33 1HG,-1.4296323128991,54.9913502464878
IP12 3TW,1.36980190517242,52.0934067021073
NG9 5HB,-1.23812246900438,52.9258652648717
NG18 1LN,-1.18427912071918,53.1386482277397
MK41 6AE,-0.447861108593013,52.1526109801699
SW1A 2EY,-0.132303561643836,51.5042760958904
N17 0AA,-0.0716596859582544,51.5980778709678
TW3 1LE,-0.363931317941954,51.4681131965698
BF16EX,NA,NA
CM2 0QR,0.486759060816012,51.7208774280215
GL7 1LJ,-1.89649004459377,51.7113309462432
BS1 6EB,-2.59336551720048,51.4534188422302
NN13 5NB,-1.148337323049,52.0336951252269
DA6 7NB,0.138571298804781,51.4553630318725
NG80 1EH,-1.19127561290323,52.930951967742
SN15 4PZ,-2.0834664273952,51.4721130621257
SA1 5AB,-3.94009314211695,51.6270233404885
DE1 2FZ,-1.47745280259366,52.9220124178676
BF16DU,NA,NA
OL10 1ED,-2.22308459901599,53.5904958462484
PA3 2SW,-4.44582782361517,55.8514942623905
SW1 0ET,NA,NA
SW1A 4DF,-0.132303561643836,51.5042760958904
OX25 1LD,-1.215910421875,51.9008949285714
PL31 1XQ,-4.72216156981982,50.4690834211712
SP9 7AE,-1.66501626765799,51.2334523605948
BS1 1BG,-2.59336551720048,51.4534188422302
CO3 3BS,0.857020074608905,51.8846623357401
NW1 3JJ,-0.142553995377505,51.5328315023115
TF2 8JX,-2.43999734023402,52.7016264248426
LA14 1AB,-3.23121765928449,54.11820379046
CF1 3PG,NA,NA
CF1 3BE,NA,NA
DH3 4EG,-1.56833203191489,54.8729274614362
NW13JJ,NA,NA
CB2 1BA,0.123489441941075,52.1864094142114
G2 4LN,-4.25618113380281,55.8629216285214
L2 2JQ,-2.98994389655172,53.4069018793103
PL31 2HJ,-4.72216156981982,50.4690834211712
GU2 5EB,-0.593909591776799,51.2457814331865
ME4 4QQ,0.528855482526882,51.3810699112902
EH3 1DG,-3.20679380108254,55.9520521001353
NE1 1SF,-1.61155531777379,54.9724864524237
CF83 2WA,-3.2189165141196,51.586473345515
SA15 2UP,-4.16772560138476,51.6994926508408
SY18 2AD,-3.54941123611111,52.4413871388889
BS23 1UP,-2.97172589006751,51.3430894840887
M7 0PG,-2.26245358203125,53.5055159388021
FY3 7AW,-3.02049861764706,53.8212078478261
PR7 3DJ,-2.65481530801105,53.6483951436463
ST16 3DW,-2.11998011221122,52.8130816919691
EC1V 4QE,-0.0981172907216495,51.5266903381443
W13 9AH,-0.321142996592845,51.512996076661
BR16 0HE,NA,NA
LE1 6LR,-1.13321304592593,52.6337858266666
DY11 6XA,-2.26211421712159,52.3846147866006
BS34 8YH,-2.56646520989144,51.5236509264173
B16 6TZ,-1.93431921564886,52.4768949599236
CV34 4RB,-1.58037500538793,52.2824724299571
BS23 1UX,-2.97172589006751,51.3430894840887
SS14 1EZ,0.474338114973263,51.5759545320856
CM1 1RA,0.456826283765347,51.7465342612552
UH7 0HB,NA,NA
WC1Z 8HN,NA,NA
HA1 2JY,-0.337887781875658,51.5800858619601
IG1 1TP,0.0734347091108673,51.5594698430295
RM14 4DS,0.263360102236422,51.5569860191693
EC5 4SB,NA,NA
EC1R 4DU,-0.108423549450549,51.5249694835165
PE21 6LZ,-0.0238111838440111,52.9745577743733
NN8 2NH,-0.699620172655567,52.3031240858896
CO2 7NZ,0.894365470967742,51.8697388860215
SW1 2BQ,NA,NA
B5 4LA,-1.89756714583334,52.4696324765625
SO14 2PT,-1.397039792,50.9076818422857
HP20 1XD,-0.806494925093635,51.8202163558054
CB2 2EB,0.123489441941075,52.1864094142114
TS1 2PZ,-1.23946796331739,54.5720210079747
GL1 1DR,-2.24434084420643,51.8587282979552
PR1 2RD,-2.70180329214157,53.7574212969406
BS1 9DJ,-2.59336551720048,51.4534188422302
NG1 1AB,-1.14864770866142,52.9546833307086
L3 1TS,-2.984332496337,53.4082801007326
SW1A 2AH,-0.128072,51.502431
GU15 4PQ,-0.768712,51.340353
HP22 5PG,-0.727892,51.774854
CB10 2YA,0.28416400000000003,51.987568
KT18 6JW,-0.284671,51.286253
LE12 5QW,-1.172296,52.809481
PL2 2BG,-4.184264,50.391225
BS34 8QW,-2.557688,51.508133
OX10 6AA,-1.088024,51.613008
WV7 3EX,-2.303896,52.649674
CM24 1QW,0.258368,51.888187
TD7 5NY,-2.845902,55.55074
IV31 6SD,-3.307893,57.710344
NG34 8HB,-0.498082,53.035763
EH12 7UR,-3.290084,55.94036
PO1 3NH,-1.1083,50.801119
HA6 3HP,-0.409309,51.619038
LS2 7UA,-1.531023,53.798291999999996
SW1H 9NA,-0.13132,51.500171
S3 7UF,-1.481379,53.376002
PO12 2AB,-1.122372,50.787008
GU11 2JN,-0.755176,51.269702
BS34 8JH,-2.559062,51.502831
SN2 1ET,-1.784755,51.566728
LN5 9NB,-0.530547,53.172599
SW1P 3EE,-0.129022,51.500701
KT15 3LS,-0.493682,51.353567
CR0 2WF,-0.093524,51.376292
E1 8QS,-0.072939,51.514579
AB11 9QA,-2.074565,57.138437
LS2 7UE,-1.531252,53.79823
PO16 9RD,-1.119055,50.848017
B4 6FD,-1.895055,52.482766
BN1 3ED,-0.146575,50.824747
BS1 6EH,-2.583286,51.450202
CB2 8DR,0.129339,52.188669
CF14 3ZA,-3.188577,51.499911
CH41 6DU,-3.009025,53.39438
CR0 1XN,-0.095897,51.375134
EX1 1UG,-3.524792,50.722187
FY4 2FF,-3.024726,53.775994
IP1 1LX,1.148388,52.054865
LS11 9DA,-1.546425,53.789183
M1 3BN,-2.23281,53.477698
ME4 4AF,0.533383,51.397587
NE1 8QF,-1.610589,54.978423
NG2 4LA,-1.139043,52.950139
PL1 1DJ,-4.140894,50.373607
RG1 1AX,-0.969741,51.458406
SO15 1EG,-1.414098,50.909329
SS99 1AA,0.709813,51.542234
SW1P 2HT,-0.132016,51.497943
SA71 5EB,-4.979619,51.633233
CM7 4AZ,0.48969,51.966513
BD98 8AA,-1.780588,53.838393
M3 5BS,-2.252206,53.483519
NE98 1ZZ,-1.581762,55.0028
TF3 4NT,-2.445858,52.680216
HR4 7DD,-2.790484,52.086324
SN6 8LA,-1.637896,51.60539
PO1 3LS,-1.107747,50.802625
M5 3LZ,-2.279673,53.466784
G84 8HL,-4.817544,56.066782
GU11 1AY,-0.76565,51.254364
EH54 6GA,-3.525663,55.880575
PE28 2EA,-0.118981,52.348744
GU16 6RW,-0.69872,51.306442
SN2 1SZ,-1.785952,51.566838
SW1H 0ET,-0.130974,51.498772
PL11 2PD,-4.224943,50.37363
EC3R 6EE,-0.082448,51.508744
SE1 7EH,-0.118905,51.497959
L3 1QY,-2.999301,53.408737
M3 5AQ,-2.252206,53.483519
CW8 2WN,-2.629232,53.230954
RG29 1QT,-0.945207,51.240455
SP4 8QT,-1.808272,51.201645
SW1A 2BQ,-0.126793,51.501637
EH25 9SY,-3.201528,55.863171
GU10 4LH,-0.852167,51.178648
CR0 2EU,-0.096661,51.378528
HU17 7LX,-0.449083,53.878298
SW1A 2HB,-0.125447,51.505644
NE7 7EZ,-1.579134,55.008791
DL7 9NJ,-1.515578,54.291457
TF2 8JT,-2.443437,52.723025
SW1P 4DF,-0.12981,51.495867
SP4 8QY,-1.82124,51.197709
LE13 0HX,-0.905517,52.767047
SN9 6BE,-1.77755,51.292049
PE8 6HB,-0.447164,52.614093
L2 3YL,-2.992684,53.407525
FY5 3WP,-3.018662,53.863137
PO6 3XA,-1.072297,50.839174
BS1 6DQ,-2.587611,51.450855
PO15 7FN,-1.252264,50.877613
SG17 5PR,-0.363148,52.044822
E14 4PX,-0.021688,51.505181
SE1 9HA,-0.095279,51.507928
HG3 1UF,-1.566635,53.9784
CV8 3EN,-1.441631,52.355391
LS7 1HE,-1.542453,53.805491
PL1 2PD,-4.137937,50.365387
PO14 1AS,-1.193956,50.836472
B2 4AD,-1.895696,52.479566
G79 1AA,-4.223076,55.771004
LL65 3NY,-4.53394,53.254255
OX11 0QX,-1.314517,51.574887
OX18 3LX,-1.581655,51.762298
TW9 4DU,-0.279559,51.48111
OX11 0QR,-1.309172,51.577203
BT1 3ET,-5.922625,54.601668
EH3 7UQ,-3.212902,55.951207
G2 4PZ,-4.269973,55.863989
L2 3PQ,-2.990792,53.407702
LS11 0EA,-1.577558,53.762241
M60 9AF,-2.251354,53.482055
NG2 1BD,-1.135601,52.945098
RG1 4TE,-0.961515,51.454305
YO10 4EB,-1.073341,53.945481
PL1 4SG,-4.178336,50.370865
HA4 6NG,-0.409419,51.558046
SW1A 2AX,-0.127261,51.504981
HR2 0JA,-2.875336,51.953432
HP14 4UE,-0.802727,51.681084
YO10 4HD,-1.073689,53.94357
BH20 6JA,-2.24077,50.70167
LS1 4SA,-1.556217,53.797633
TW14 8HA,-0.446406,51.447029
G2 8EX,-4.266048,55.858647
OL9 9XA,-2.169021,53.532068
TR11 4WZ,-5.045095,50.145227
L20 7HS,-2.991666,53.447865
OX11 7ES,-1.251825,51.612332
SW1P 3JR,-0.126134,51.495583
BS1 5AH,-2.603942,51.451616
YO1 7PX,-1.075007,53.960414
EX6 8PE,-3.45379,50.630301
NP10 8XG,-3.027217,51.56632
EX8 5AR,-3.434928,50.664197
KT15 3NB,-0.493682,51.353567
WS14 9PY,-1.775822,52.660293
WC2B 4RD,-0.121443,51.514707
CV1 3BH,-1.524487,52.405882
SW1P 3BT,-0.130039,51.498029
ME4 4UG,0.533215,51.392447
SW1V 2QQ,-0.132463,51.48947
PO15 5RR,-1.247102,50.862626
W1T 7PA,-0.134927,51.522287
EH11 4DX,-3.300885,55.925366
SP11 8HJ,-1.524954,51.207861
E14 4BB,-0.013585,51.504639
B12 8AT,-1.873676,52.451379
E14 5AB,-0.019523,51.504937
RG18 9TP,-1.284179,51.454803
PR2 8AB,-2.682838,53.778001
EC3R 8DY,-0.083145,51.510005
CF14 5ZG,-3.197254,51.527015
BS5 0DA,-2.56759,51.458687
NG1 6LP,-1.153971,52.954759
HG3 2RF,-1.688465,54.008517
L75 1AD,-2.991574,53.404424
L75 2DD,-2.991493,53.452677
SW1P 4DR,-0.129328,51.494636
TN37 7GA,0.55274,50.886484
HP20 1EH,-0.801736,51.822601
LL61 6NT,-4.199378,53.217817
SL4 3DN,-0.616296,51.472826
CR9 3RR,-0.098341,51.377161
EH1 2YT,-3.201478,55.948965
WC1B 3HF,-0.128479,51.518165
BH15 4NQ,-2.025531,50.720369
E14 4PU,-0.022079,51.504532
ME14 2AP,0.527283,51.284256
BS1 6PN,-2.582891,51.450861
IP31 1EE,0.776312,52.335282
PO1 3LT,-1.110006,50.799486
G69 8AE,-4.072467,55.886128
EH12 7AT,-3.271269,55.941238
W1K 5HR,-0.148468,51.513267
SE1 9PY,-0.106906,51.506938
M22 5RA,-2.25844,53.378591
OL1 1LH,-2.113193,53.540313
OL6 6BJ,-2.095028,53.48781
SK14 2LS,-2.078791,53.452443
TR12 7RH,-5.257808,50.081765
NP10 8QQ,-3.029678,51.566685
TW13 7AH,-0.41071,51.441857
M60 9LA,-2.255657,53.481031
SA1 8AN,-3.927186,51.621073
FY4 5ES,-3.000608,53.793635
M2 3AA,-2.242875,53.478008
NE98 1YX,-1.581762,55.0028
TS6 7SA,-1.134286,54.603487
M3 3LU,-2.250491,53.478812
CF14 5YA,-3.197254,51.527015
SG16 6DN,-0.302642,52.008737000000004
CB2 8BF,0.129384,52.188677
BS1 6BG,-2.587611,51.450855
SE1 3QU,-0.084081,51.502873
DT11 7DN,-2.163426,50.857161
SP9 7EA,-1.670107,51.233942
SO22 6NQ,-1.33834,51.090286
BN12 4XL,-0.413773,50.816964
TF2 9RG,-2.434383,52.683504
BS34 8TJ,-2.55627,51.507645
SW1P 4DU,-0.125949,51.492721
SP11 8HT,-1.520533,51.206314
NG2 1BA,-1.135601,52.945098
SO20 8DY,-1.566686,51.152452
B44 8LD,-1.886365,52.540976
PO2 8BY,-1.099833,50.814921
PL6 5WS,-4.126086,50.41295
IP27 0TJ,0.669823,52.458481
M3 2RD,-2.249694,53.482129
SW1E 6HQ,-0.137642,51.499986
CV3 4HX,-1.47934,52.364219
DT11 8RH,-2.125101,50.868295
CW8 2JD,-2.677772,53.229169
PO12 2DL,-1.140616,50.780804
GU11 2LQ,-0.75131,51.268501
DE21 6BF,-1.428134,52.914593000000004
DL9 3LR,-1.724499,54.371759
NE19 1NX,-2.178341,55.247589
NE8 2BE,-1.600986,54.968618
CH5 4HA,-3.048638,53.21385
CH6 5BD,-3.136045,53.248172
LL18 1UB,-3.489385,53.319981
LL29 8PL,-3.732945,53.298413
LL30 2SS,-3.831788,53.324015
LL57 1YA,-4.122422,53.228536
SY20 8EB,-3.851581,52.59074
GU17 9LP,-0.819546,51.318001
EX1 1QA,-3.524639,50.724004
B15 2SQ,-1.932869,52.453827
YO30 2AJ,-1.242462,54.044509
EH11 3XD,-3.27629,55.930826
HG3 2RQ,-1.693574,54.015226
CR0 2AQ,-0.098388,51.379158
DH1 5TR,-1.593051,54.785996
DT4 9TT,-2.48849,50.611892
GL1 1DQ,-2.239601,51.864718
HU2 8JN,-0.350799,53.747797
LE3 5DR,-1.142487,52.633006
NG1 7AU,-1.151119,52.948365
PE1 1QF,-0.236499,52.574902
PR4 1TE,-2.913056,53.744362
SA7 9FQ,-3.912911,51.651584
TF3 4LR,-2.456407,52.677622
B23 6TD,-1.841156,52.523526
CB4 3BQ,0.120787,52.213654
CV1 2HJ,-1.509867,52.404079
DE14 3SN,-1.633298,52.801561
IP1 1TF,1.153444,52.055395
LE1 6DS,-1.130537,52.631327
PE1 1QZ,-0.239488,52.57874
ST1 1RF,-2.175795,53.024787
WR1 3EL,-2.223586,52.195238
WS11 1JR,-2.029887,52.691003
NR1 1QB,1.302414,52.626735
GU11 2DN,-0.757383,51.259627
NE4 7AR,-1.632254,54.960422
CR0 1XG,-0.095897,51.375134
BA22 8HT,-2.64673,51.011797
SE11 5EF,-0.120274,51.490238
OX25 1PP,-1.107154,51.844854
PO1 3HH,-1.095282,50.800686
CV47 2UL,-1.440165,52.161955
SW1H 9EX,-0.135659,51.499404
DE6 5HW,-1.76825,52.892766
CF10 2GS,-3.173154,51.479997
CF31 1LL,-3.578954,51.507507
CF34 9DF,-3.659333,51.608189
CF36 3BL,-3.703303,51.476775
CF37 4SP,-3.339575,51.599038
CF42 6TE,-3.513186,51.664233
CF44 7HU,-3.449312,51.713379
CF47 8AS,-3.382194,51.748554
CF5 1WU,-3.20846,51.482012
CF63 4HA,-3.271268,51.4046
CF72 8AL,-3.384835,51.538132
CF81 8RD,-3.230036,51.691584
CF83 1UA,-3.217301,51.577603
NP12 1YY,-3.195491,51.66868
NP13 1YG,-3.13636,51.732666
NP16 5UL,-2.671911,51.640546
NP20 1JR,-2.995302,51.585424
NP23 6XG,-3.209441,51.785643
NP26 4BR,-2.754474,51.589495
NP4 6XQ,-3.041086,51.704669
NP44 1PL,-3.020502,51.653906
NP7 5EF,-3.0227020000000002,51.821754
SA1 1LS,-3.942442,51.623807
SA15 3TN,-4.162507,51.681828
SA31 1QT,-4.307949,51.858159
SA43 1EF,-4.658399,52.085539
SA72 6EP,-4.940718,51.694258
SA73 3LS,-5.043626,51.715091
DL1 5QE,-1.552695,54.523711
M1 2WD,-2.229079,53.478712
NG1 6HJ,-1.155342,52.952396
S1 2FJ,-1.46951,53.379096
WV2 4AU,-2.127262,52.582073
DL9 3PZ,-1.746611,54.372913
SN13 9NR,-2.185495,51.434396
TN37 7DA,0.556401,50.868433
CB1 3HS,0.159121,52.198787
G848HL,-4.817544,56.066782
CA8 7AT,-2.601887,55.025742
LD3 7RA,-3.365052,51.942217
PO17 6AD,-1.126786,50.859199
SP4 0JQ,-1.700254,51.135111
TN14 7BP,0.151823,51.315035
WC2B 4AN,-0.119728,51.513664
SW1A 2AW,-0.123846,51.506041
IP4 5PD,1.197915,52.056849
PO1 3LU,-1.108823,50.801222
GU16 7HD,-0.744612,51.318066
GU11 1HP,-0.760706,51.247469
GU34 1LH,-0.979235,51.145628
RG21 8ES,-1.089903,51.261542
DL9 3JS,-1.718936,54.372609
NE1 6PB,-1.605141,54.973358
YO41 1LZ,-0.972903,54.0163
CT12 5BS,1.348155,51.349421
KY16 0JX,-2.885514,56.379742
OX25 2LD,-1.124034,51.873419
SN4 8QY,-1.901384,51.540206
MK44 3EQ,-0.423372,52.112315
MK4 4DA,-0.807744,52.013089
KT17 2BG,-0.247449,51.354613
NG2 1AB,-1.153605,52.94681
CO2 9NU,0.893457,51.858655
CV10 0TU,-1.464958,52.553685
MK45 2JQ,-0.52926,52.040089
NW1 4AL,-0.144285,51.5332
CF62 4WA,-3.418298,51.41178
SP4 9AD,-1.734973,51.194551
PO13 9XA,-1.161849,50.808593
EH12 5WN,-3.221954,55.945223
NG2 1AR,-1.164804,52.928631
CV10 0UA,-1.458599,52.555077
PO17 6EJ,-1.101904,50.875655
LS1 2SZ,-1.553787,53.797723
SO21 2RG,-1.32381,51.11334
SO22 5DF,-1.327877,51.063456
MK19 7BH,-0.809708,52.103208
G51 1DH,-4.296526,55.853826
L3 9PP,-2.994722,53.409152
SK17 9JN,-1.917448,53.230808
SW1H 0EU,-0.133373,51.497875
HP3 0NZ,-0.541355,51.724717
G2 8LU,-4.264471,55.857053
FK8 3SX,-4.384103,56.180283
FK8 3UX,-4.375479,56.176324
DT4 8UB,-2.45069,50.605129
SP4 6BY,-1.783938,51.101516
HP14 4XN,-0.796483,51.671624
EC4Y 8JX,-0.106785,51.513689
CT17 9SH,1.302951,51.125485
IP1 2AG,1.143597,52.053536
BT28 3NP,-6.049575,54.522684
NW1 3UH,-0.13929,51.525234
DL9 4EN,-1.709703,54.36885
LE15 7RD,-0.581786,52.745935
BS31 1SX,-2.478008,51.413427
SW1A 2BE,-0.127507,51.506461
SW1P 4PN,-0.125725,51.493967
BT4 3ST,-5.830213,54.602005
GU24 0QQ,-0.668395,51.304851
NE38 8QG,-1.483161,54.904182
IV1 1HG,-4.226554,57.476964
SO21 2QP,-1.34219,51.111669
BH8 8DZ,-1.866181,50.724908
SO16 4HP,-1.450127,50.932138
BS16 1EJ,-2.54182,51.50301
ME1 3QS,0.493503,51.36693
CR9 2BY,-0.098363,51.378385
S3 8NU,-1.46633,53.38701
FY2 0UZ,-3.034437,53.839974
NG9 5HA,-1.249063,52.913147
LE15 7BL,-0.648985,52.729179
SA31 3EZ,-4.327737,51.853506
AB11 9DB,-2.071772,57.138017
EH30 9TN,-3.33614,55.967607
BT8 6TB,-5.909202,54.565829
DL9 3EL,-1.726699,54.376509
DN22 8EU,-0.996118,53.320062
IV2 3XE,-4.202513,57.481879
SW1A 2NH,-0.125721,51.502132
L3 1QP,-2.999316,53.408746
IP7 7RA,0.967761,52.122798
CV5 6UB,-1.552551,52.403248
LE16 7RP,-0.961495,52.495635
CV23 8SZ,-1.242801,52.32752
NE1 2JQ,-1.603827,54.971988
E17 9DW,-0.002162,51.580271
SE18 4BB,0.057532,51.487154
YO32 5SW,-1.041222,54.025933
CH2 4AB,-2.895113,53.22528
TF9 3QE,-2.538599,52.87931
WC2B 6EX,-0.118746,51.515815
PO12 3BY,-1.15989,50.802302
PO12 2AQ,-1.122119,50.788452
SK8 7NY,-2.194685,53.351673
AB10 1JS,-2.101983,57.147311
CF14 5ZN,-3.19659,51.527534
AB25 3UB,-2.105611,57.155869
MK40 1HG,-0.470232,52.139321
LS1 4RA,-1.542259,53.794048
SW1A2BQ,-0.126793,51.501637
WR5 2NP,-2.182554,52.185545
E15 1AW,-0.001419,51.539639
BD98 8XX,-1.779517,53.836791
NW1 3UL,-0.13929,51.525234
L24 1YD,-2.855451,53.33726
M90 3EX,-2.27474,53.363085
TW6 1ND,-0.458347,51.471906
M60 9HL,-2.255657,53.481031
AB54 4SJ,-2.794381,57.467421
SE28 0EB,0.092704,51.496846
BN12 6EA,-0.411081,50.820588
W1D 5BU,-0.130486,51.512793
SW1P 3JH,-0.12588,51.496155
E1 8FA,-0.072095,51.514772
SS1 2AW,0.715028,51.537535
CF10 3NQ,-3.182573,51.488373
CA14 2DD,-3.566634,54.64462
CA3 8DX,-2.933414,54.896912
NE4 7YH,-1.635246,54.961195
RG1 1AF,-0.969301,51.457494
NW1 4AZ,-0.144285,51.5332
TN17 2SL,0.458189,51.076443
LS1 2RP,-1.553987,53.798946
SW9 6EJ,-0.109714,51.479817
SO23 8TS,-1.321148,51.062874
PO2 8ER,-1.097112,50.818371
ME12 4AX,0.855002,51.393814
BN12 4XH,-0.413773,50.816964
CT19 4RH,1.150922,51.094722
BL1 1YA,-2.425822,53.57993
BN12 4SE,-0.413773,50.816964
CV1 2TA,-1.512575,52.403685
G1 1GY,-4.246495,55.860129
PR1 1DH,-2.694918,53.760557
PR1 4AT,-2.690554,53.760834
CA20 1PG,-3.500704,54.419213
B12 8AF,-1.873096,52.456562
B20 3BW,-1.894655,52.514572
B21 9SL,-1.926448,52.501219
B26 1AW,-1.810225,52.461965
B29 6SP,-1.941832,52.44157
B31 2TQ,-1.982715,52.40066
B37 5TH,-1.740321,52.480892
B63 4AH,-2.052964,52.449318
B66 3AD,-1.968981,52.494369
B69 3AD,-2.015867,52.504315
B70 8LG,-1.997377,52.521388
B8 2XX,-1.848478,52.496065
DY1 1JR,-2.087552,52.510549
DY4 8ES,-2.069487,52.529018
DY8 1ES,-2.149122,52.458882
WS1 1SP,-1.978526,52.585897
WS1 1XR,-1.982467,52.586104
WS8 6HL,-1.931039,52.645949
WV1 3AF,-2.125515,52.585374
WV13 1DH,-2.055098,52.585544
WV14 0DB,-2.07979,52.56433
SW1P 3JS,-0.129343,51.499187
L75 1BB,-2.986891,53.448418
LS4 2QB,-1.5921,53.809337
NE63 9YY,-1.564351,55.185435
SW1V 1PN,-0.144116,51.493387
WV10 7PY,-2.112412,52.650185
WV10 7PU,-2.112407,52.650201
LN4 3LH,-0.436269,53.096162
CF24 0AB,-3.165852,51.485042
GU11 2LS,-0.749329,51.269118
CB7 4LS,0.264367,52.400285
CB8 0WJ,0.405218,52.244006
CO10 2EG,0.732639,52.038095
IP11 7AZ,1.351045,51.961396
IP14 1AH,0.997114,52.187167
IP16 4US,1.588727,52.206349
IP24 2DT,0.751505,52.412346
IP28 7EY,0.518934,52.346224
IP33 1TT,0.711013,52.248581
NR2 1BZ,1.290452,52.630405
NR28 9JX,1.385443,52.820624
NR30 1EJ,1.724713,52.609897
NR34 9TR,1.564106,52.455814
PE29 3PB,-0.180741,52.329651
WN1 1YN,-2.629975,53.545106
SS3 9SR,0.80291,51.534649
SN10 5TU,-2.044157,51.284662
HP22 5NF,-0.714802,51.789692
SA99 1BA,-3.945445,51.669997
CV21 2TD,-1.258931,52.37475
NR1 4LU,1.317585,52.637571
IP25 6RL,0.858752,52.552512
NR10 5GB,1.347006,52.759012
AL1 2PS,-0.34244,51.744289
BN26 6TA,0.166504,50.840471
CM2 7GY,0.480449,51.726588
CM23 5NF,0.165966,51.866328
CO6 2DS,0.756133,51.924764
CR0 2TA,-0.10311,51.378938
CT2 0BH,1.123017,51.300867
DA1 4HW,0.178544,51.44941
EN8 8YB,-0.034808,51.692661
GU1 4UT,-0.58042,51.236902
GU14 8AQ,-0.74263,51.30185
HP3 9GF,-0.462234,51.7327
IG11 8TU,0.081084,51.53941
KT22 7SQ,-0.333084,51.298544
LU1 2LT,-0.458618,51.905267
LU7 0PR,-0.706276,51.896561
ME3 7JQ,0.466348,51.426529
MK16 8DS,-0.749005,52.08315
OX25 5PD,-1.297975,51.918327
RH1 3AP,-0.151105,51.264032
RM13 9JA,0.191677,51.516549
RM3 0PH,0.233768,51.592629
SG1 1XT,-0.206908,51.901638
SL1 6JT,-0.646156,51.523432
SS15 6AB,0.42384,51.567741
SS6 7HJ,0.600087,51.589343
TN12 6QH,0.399095,51.203771
TW13 4BY,-0.408782,51.448062
UB10 9NR,-0.449891,51.553779
UB6 8EN,-0.338344,51.534248
WD25 9QG,-0.382503,51.68675
HU17 9JB,-0.424026,53.844776
EH48 2EH,-3.618119,55.888699
G74 5HA,-4.207837,55.771342
M3 2LG,-2.249639,53.482535
LE1 3JD,-1.130604,52.638394
LE1 6TF,-1.128456,52.629757
LE10 0FR,-1.376145,52.535684
LE11 2TX,-1.204946,52.768605
LE16 7AG,-0.920463,52.478564
LE67 3FB,-1.368272,52.725554
NN10 0AF,-0.59675,52.290685
NN11 4FP,-1.158577,52.260025
NN16 8BG,-0.72959,52.400824
NN17 1PH,-0.705443,52.490081000000004
NN8 4NE,-0.699224,52.301748
GL3 1HW,-2.198252,51.890168
ME1 3LU,0.4944,51.365202
SW1H 9AJ,-0.134625,51.500035
BA11 1QZ,-2.310159,51.228024
BH23 1PL,-1.783476,50.738182
BS37 5HZ,-2.431042,51.541217
PO6 3BD,-1.067285,50.841967
RG1 1LZ,-0.971642,51.458378
RG14 5DS,-1.323294,51.398513
SN1 1DQ,-1.785628,51.565733
SN12 8DB,-2.145719,51.380188
SO40 9HP,-1.481262,50.918126
SP11 7EB,-1.619325,51.168776
LL18 3NB,-3.482816,53.323191
DH1 3UW,-1.563412,54.773105
LL57 4FD,-4.187,53.209189
EH55 8PN,-3.582579,55.862894
GU24 0NY,-0.65683,51.310816
BT2 7WF,-5.933815,54.594331
NG2 1BE,-1.135601,52.945098
UB3 5AR,-0.443635,51.481811
SE1 5JX,-0.066077,51.486381
LL55 1EP,-4.273185,53.140962
WD17 1JJ,-0.396545,51.658794
AB11 5RG,-2.096076,57.144369
B2 4QA,-1.898012,52.477662
B60 3GF,-2.051143,52.320413
B97 4RB,-1.945426,52.306324
BB1 1EX,-2.479208,53.746278
BD2 1NH,-1.743508,53.823624
BD21 4HP,-1.901741,53.867943
CB22 4PL,0.164278,52.103081
CV11 4BU,-1.464095,52.526478
CV3 6HF,-1.513746,52.400193
DE1 2RU,-1.46413,52.917269
DE14 1AZ,-1.641099,52.806547
DY10 1QZ,-2.238559,52.384517
EH1 1BB,-3.189547,55.952014
G1 3SL,-4.257582,55.860358
IV1 1LF,-4.223575,57.479541
LE2 0QB,-1.124992,52.631583
LN5 7EW,-0.539721,53.226254
LS1 4DY,-1.546664,53.795134
M1 6FU,-2.241317,53.474254
NN1 1SP,-0.906311,52.2371
NN15 7HT,-0.724655,52.39151
OL1 2TG,-2.16996,53.551679
PE1 1QL,-0.249899,52.574525
S1 2BP,-1.462852,53.377871
S81 7AG,-1.122623,53.311407
SY1 2DQ,-2.749786,52.711779
TF3 4LZ,-2.441016,52.681151
WA1 1LS,-2.602172,53.386268
WF1 5AF,-1.480871,53.663335
WR4 9EE,-2.209889,52.194445
WV1 1LE,-2.120163,52.587681
NN1 3JQ,-0.889867,52.244109
BT3 9HY,-5.918211,54.60932
LS16 6RQ,-1.603568,53.839674
CV32 4JE,-1.5293,52.290887
CV37 9DA,-1.718453,52.194387
CV9 1DF,-1.545275,52.575696
DY11 6TT,-2.251642,52.388355
HR6 8JE,-2.740253,52.228334
WR14 2HU,-2.327552,52.114368
PR2 8AA,-2.68589,53.778127
NN17 5BA,-0.682274,52.493062
S63 7EF,-1.320911,53.501193
G74 1LW,-4.179529,55.759777
CF72 8YR,-3.365052,51.524184
CR0 3AQ,-0.136267,51.390118
DL1 1YE,-1.52537,54.528549
DY11 7RD,-2.236952,52.36155
G64 2QA,-4.199007,55.92326
LE4 9HT,-1.080365,52.663528
NE3 5HB,-1.609072,55.041567
NG16 1JF,-1.251409,53.006499
NG31 7TX,-0.588289,52.90165
OX25 5HD,-1.251214,51.928819
PH1 3DZ,-3.457533,56.41707
PR4 2RP,-2.871035,53.775631
SY1 3LF,-2.733261,52.734253
TN35 4NN,0.598058,50.880915
UB4 9BS,-0.39011,51.523513
WA3 2SH,-2.586385,53.469276
DE1 1NW,-1.481545,52.921346
DE11 9DY,-1.558497,52.773816
NG20 8AF,-1.211861,53.204034
S40 1TG,-1.424737,53.233288
SK17 6BU,-1.909044,53.259198
ST1 2BX,-2.170945,53.027724
ST16 2LR,-2.115827,52.806304
ST3 2PF,-2.136212,52.987246
TF3 4PD,-2.452696,52.676342
TQ6 0HJ,-3.583032,50.357601
SR1 1QU,-1.380374,54.905086
NE8 1PZ,-1.600637,54.95944
SR4 8DS,-1.437973,54.90143
NG5 3AG,-1.155058,52.984531
NG13 9FQ,-0.911062,52.947406
G67 1YZ,-3.994464,55.94682
DE21 4BA,-1.466209,52.929935
GU11 2HH,-0.779189,51.268561
S1 4ER,-1.476286,53.38069
B15 1BG,-1.91789,52.474132
LE13 1GH,-0.885011,52.761543
NG1 6AX,-1.152094,52.954712
NG6 8HX,-1.197749,52.998976
CF62 4JD,-3.415852,51.41127
SP9 7BN,-1.668321,51.231775
CO2 7UT,0.885967,51.872797
SP4 0JG,-1.700254,51.135111
TN37 7NL,0.552499,50.886507
ME14 1UZ,0.524761,51.278266
PE1 1JY,-0.238908,52.574083
AL1 3JU,-0.335209,51.752262
E14 7EP,-0.026185,51.51451
E8 1EE,-0.055775,51.543915
EN8 7BA,-0.034275,51.690593
HP1 1EU,-0.473773,51.753405
IG11 8QB,0.081157000000000007,51.540334
IG3 8EJ,0.094126,51.563043
MK40 2EH,-0.477203,52.139708
N1 6LT,-0.079845,51.528152
N13 4PN,-0.110397,51.618213
N18 2XA,-0.064529,51.612538
N7 7JY,-0.111426,51.561397
NW10 4TL,-0.242559,51.534713000000004
RM1 3HH,0.186419,51.581021
SE18 6PY,0.063387,51.488912
SE23 3XU,-0.054592,51.438358
SW6 2DL,-0.192852,51.479859
UB8 1LH,-0.480781,51.545962
W10 5BL,-0.211236,51.526398
W12 7JP,-0.225529,51.505456
W13 8RA,-0.315039,51.51174
WD18 0JJ,-0.400218,51.65615
CR0 1EA,-0.098824,51.371477
PR26 8LW,-2.749412,53.678372
PO14 4LW,-1.247525,50.856676
WR11 8TZ,-1.854988,52.109646
EH54 6QF,-3.512328,55.881633
SM2 5PJ,-0.188734,51.336841
SW1h 9NA,-0.13132,51.500171
TW4 5DL,-0.390881,51.462331
PA1 3NE,-4.398546,55.843732
MK44 1FD,-0.491936,52.198317
CV23 0TH,-1.331642,52.423497
PL1 3HN,-4.157106,50.369485
DL9 3PS,-1.716501,54.364056
NE66 3JF,-1.600907,55.423045
PO30 5RS,-1.304896,50.711997
B91 3QJ,-1.782228,52.41196
HP14 4UF,-0.791077,51.674797
S3 8WA,-1.464295,53.381455
PR8 2HH,-3.020292,53.630502
DN22 6JR,-0.941114,53.322446
NG34 7EF,-0.405723,52.999635
S80 2AQ,-1.121025,53.30227
CF14 4US,-3.197874,51.506922
SW1A 2HQ,-0.129251,51.501793
M60 9LB,-2.255657,53.481031
SW1A 2AU,-0.126962,51.504202
CH5 2LS,-2.997158,53.22367
NG2 1BG,-1.135601,52.945098
IP4 1DN,1.156149,52.054855
ME15 6AE,0.526441,51.270729
PO6 3LY,-1.069932,50.850297
B2 4AJ,-1.902558,52.47923
LU1 2AA,-0.414278,51.878026
CB8 9YG,0.513871,52.137423
LS9 6NF,-1.505699,53.806127
GU11 1BH,-0.766788,51.24988
L75 1HW,-2.991493,53.452677
B75 7RL,-1.796121,52.568086
TD1 1TD,-2.812172,55.617569
TD9 9RH,-2.784355,55.424989
L13 3AE,-2.923144,53.416072
LE18 4WS,-1.141193,52.583956
G4 0HF,-4.25492,55.867633
GU24 0DQ,-0.647241,51.280258
CF24 5PE,-3.155798,51.475278
DG1 1NP,-3.59923,55.076117000000004
M50 3YW,-2.286349,53.473995
BA1 1TS,-2.360485,51.378231
BA11 1QW,-2.319986,51.230434
BA5 2PT,-2.651495,51.209077
BS1 1EN,-2.596049,51.454553
BS11 0DX,-2.675603,51.489017
BS13 7TE,-2.608726,51.414295
BS15 1BZ,-2.511733,51.462864
BS21 6BY,-2.849888,51.437027
BS23 1JH,-2.978103,51.346746
BS3 3NW,-2.601504,51.439239
BS37 4BB,-2.413142,51.53924
BS5 6NR,-2.56471,51.470219
BS7 0UD,-2.581461,51.496869
EX14 1JP,-3.191158,50.798881
EX16 6LU,-3.487321,50.902275
GL1 1XL,-2.249464,51.859834
GL14 2JU,-2.501404,51.823551
GL16 8BQ,-2.616889,51.793021
GL5 2JT,-2.216052,51.744671
GL50 4DJ,-2.074551,51.901809
HP11 2DN,-0.755606,51.632381
HP19 8EZ,-0.817616,51.819039
HP5 1LD,-0.612679,51.702867
MK9 3BN,-0.762048,52.040031
OX1 2BX,-1.263161,51.754098
OX11 8DB,-1.239216,51.606343
OX14 3QS,-1.281855,51.67144
OX16 2EX,-1.340006,52.064232
OX28 4JA,-1.481679,51.778587
RG1 1HD,-0.977464,51.456154
RG12 1JX,-0.754693,51.416854
RG14 1JB,-1.325638,51.40598
SL1 2AQ,-0.584479,51.506741
SL6 1SP,-0.719302,51.522281
TA1 3NY,-3.104061,51.012209
TA24 5XZ,-3.474858,51.206603
RG21 3AA,-1.083995,51.261172
CF10 1ET,-3.179875,51.478158
CF37 1JR,-3.344303,51.599776
LU2 9LU,-0.377153,51.879813
B97 6QS,-1.986589,52.324784
DH1 5YA,-1.556344,54.80536
SY23 1LA,-4.081524,52.414625
BS20 7LF,-2.755682,51.480264
SY1 4HD,-2.731029,52.733815
LA18 4NA,-3.312424,54.200662
DL1 4WB,-1.502321,54.514943
HX1 1HY,-1.86278,53.723442
CR2 9BY,-0.064529,51.319988
S40 1TF,-1.424754,53.234116
LL11 1BW,-2.997039,53.049422
EC3M 8UD,-0.084317,51.510932
GL12 8BT,-2.436777,51.628035
GL12 8DB,-2.467383,51.634454
BS1 3NU,-2.593019,51.459478
YO1 7PR,-1.075624,53.960096
B5 4UA,-1.898516,52.476224
TW13 4ND,-0.434075,51.441515
CV1 3RY,-1.515294,52.405054
DG1 1QB,-3.596184,55.18874
DG8 6AJ,-4.475113,54.959918
CV10 7RH,-1.478386,52.508938
SY4 4DZ,-2.65747,52.79269
SE2 9HA,0.121874,51.48991
NE34 6ET,-1.419756,54.986229
L20 3PN,-2.989772,53.449948
SL1 2HF,-0.598616,51.50763
RG1 1PE,-0.975517,51.457585
EH13 0PP,-3.24197,55.912729
SN1 5AH,-1.789274,51.560416
CR0 1XJ,-0.104699,51.376311
B26 3QZ,-1.733627,52.452981
DE74 2SA,-1.331344,52.824724
LS11 9AT,-1.547724,53.788406
GU10 4LS,-0.839024,51.16878
RG12 1BP,-0.74612,51.416295
PR25 2EX,-2.699835,53.690465
CO2 9BY,0.871824,51.871785
SP4 9SF,-1.780472,51.238679
LS22 5ED,-1.36782,53.935249
SL3 8AQ,-0.532511,51.49666
BA1 5AF,-2.352318,51.38117
BS1 6GR,-2.59051,51.452423
BS1 1DA,-2.595004,51.454791
SN1 2HG,-1.781911,51.561103
SN1 2JB,-1.781089,51.561012
BS22 7BB,-2.905079,51.360713
RG24 9NW,-1.110589,51.276834
DN7 6BW,-0.971491,53.548576
WN4 8SS,-2.638586,53.499579
ST9 0DX,-2.087455,53.022368
WF4 4AX,-1.608502,53.636064
BS11 8AQ,-2.68125,51.516374
UB7 0HB,-0.483548,51.483089
CF10 2HH,-3.172397,51.481893
CR0 9YA,-0.098341,51.377161
MK41 7LW,-0.478832,52.148963
NW10 2DZ,-0.247779,51.549359
BR1 1RA,0.01097,51.407719
SE5 7UP,-0.096725,51.473914
EC4N 4XY,-0.090062,51.513112
CR9 3NG,-0.093984,51.372396
W13 0SD,-0.323141,51.511254
NW9 7BY,-0.245454,51.58167
N7 8JA,-0.105472,51.547057
IG6 1HW,0.081416,51.587712
RM1 3BH,0.185733,51.581762
SW11 1JU,-0.162473,51.464613
E15 4SB,3.05e-4,51.539159
E3 4DJ,-0.023563,51.527136
UB8 1PQ,-0.481587,51.54947
NW1 5BR,-0.16418,51.520708
SW19 7JP,-0.203601,51.423632
DN32 7DE,-0.07512,53.571957
SA31 2NF,-4.3064,51.844179
LN6 9PT,-0.687724,53.167943
NP20 2DW,-2.986128,51.582087
G11 6QN,-4.300869,55.870278
G15 7TG,-4.37223,55.910706
G21 4DL,-4.226425,55.882504
G32 7NY,-4.17231,55.852025
G41 1PU,-4.258343,55.84511
G43 1SS,-4.289189,55.825001
G45 9AA,-4.23502,55.806652
G51 3JY,-4.31275,55.86255
G66 1JN,-4.159853,55.93845
G67 1AX,-3.985054,55.951181
G72 7HB,-4.167753,55.819257
G73 2QW,-4.214798,55.826858
ML1 2HN,-3.974404,55.781309
ML11 7NR,-3.772927,55.673306
ML3 0EH,-4.044778,55.779475
ML4 1HT,-4.013776,55.819916
ML6 0AH,-3.98183,55.865851
CM2 5PF,0.509277,51.750032
S70 2RL,-1.485006,53.552437
WF10 1HY,-1.353827,53.727496
DL3 7JY,-1.557005,54.526593
DN1 3LL,-1.13156,53.521648
DH1 3BP,-1.569431,54.772732
TS6 9EH,-1.146379,54.559731
HX1 1PE,-1.863156,53.72426
HG1 5PZ,-1.53381,53.991821
TS18 3BW,-1.313009,54.561142
WS14 9QS,-1.805038,52.653351
SW2 5XF,-0.125494,51.451824
SK9 4HR,-2.238118,53.341133
EX2 7LQ,-3.466609,50.71591
LS12 6DD,-1.579283,53.781996
NR3 1UB,1.304724,52.634828
BS5 6XX,-2.567802,51.473432
BS20 7LZ,-2.758597,51.481486
SW1A 0PW,-0.124663,51.49984
PE22 0QX,0.063435,52.939966
PL25 5BG,-4.794917,50.336755
IV36 3UH,-3.557308,57.639587
TQ12 6DW,-3.65182,50.510492
EC3N 4AB,-0.076272,51.508274
EX39 3DX,-4.23365,51.007193
PL8 2NE,-4.009462,50.328562
HP22 6AH,-0.747003,51.773522
WS15 2UQ,-1.975136,52.750892
B1 1TF,-1.904653,52.4772
NE1 4BN,-1.623801,54.967603
NP8 1TE,-3.116475,51.84757
DT5 1DL,-2.419978,50.549029
DT5 1EQ,-2.436658,50.56125
SP4 0ES,-1.737203,51.111856
BT29 4AX,-6.208115,54.653285
B2 5RS,-1.900638,52.47972
G2 1HG,-4.255148,55.863854
PO1 3LJ,-1.107176,50.799051
N7 8TT,-0.115884,51.545004
W12 0AE,-0.240435,51.517632
CM2 6LQ,0.484655,51.736724
EC4A 1AB,-0.11058,51.517401
SW1V 2QX,-0.132463,51.489479
OX25 1PZ,-1.094423,51.848497
HP18 0TL,-1.009822,51.892176
YO30 2AL,-1.24066,54.040291
SW1A 2AS,-0.126639,51.503649
GL8 8QS,-2.209092,51.605014
HP2 4XN,-0.471203,51.747141
IP12 3BF,1.460512,52.058679
IP12 3JW,1.451269,52.051591
EH1 3DG,-3.183894,55.953655
SM2 5PD,-0.188445,51.339084
KY11 2BL,-3.438717,56.02902
CF10 2HD,-3.172486,51.482027
WC2B 4TS,-0.119137,51.514365
LS12 2TJ,-1.57617,53.795728
WF4 4XX,-1.612903,53.636142
LS23 7AZ,-1.328355,53.916178
NG23 5NG,-0.894683,53.022834
CF14 5GR,-3.195101,51.526812
LS1 4DR,-1.556338,53.797687
SA1 1JR,-3.941076,51.626321
TF9 2JL,-2.523414,52.869579
NN1 2LH,-0.899965,52.237302
NE8 2SH,-1.623123,54.953268
FY3 9YP,-2.994657,53.802637
DN7 6EE,-0.970161,53.544277
LL29 7AA,-3.728797,53.295264
CF10 1JE,-3.178979,51.478599
CF31 1TZ,-3.570465,51.50407
LE12 5RB,-1.254598,52.830658
ME12 4DZ,0.850894,51.387829
AB31 6BP,-2.374967,57.055257
DL9 4JH,-1.702978,54.368744
CF14 3UZ,-3.188577,51.499911
OL12 9DP,-2.145054,53.634962
HR2 6HF,-2.715509,52.042335
WC1V 6NP,-0.114516,51.518436
DN40 2NA,-0.187915,53.629751
S1 2JF,-1.469116,53.379382
SE1 9HS,-0.095429,51.507444
CF10 4DQ,-3.158229,51.466901
IV51 9DH,-6.189671,57.415005
SY21 7UX,-3.146283,52.659022
AB11 5RL,-2.095475,57.139108
NG1 2AS,-1.149276,52.954303
DL7 8SG,-1.438281,54.334836
HG1 5BG,-1.5357,53.994651
YO11 2JN,-0.403489,54.280237
YO31 7WD,-1.07919,53.9677
BL1 1SX,-2.432291,53.577345
BL9 0DP,-2.299564,53.591773
M11 2WR,-2.173483,53.472217
M13 0ZL,-2.206588,53.455336
M14 5BJ,-2.224669,53.454011
M15 5JB,-2.251979,53.460392
M20 3JQ,-2.234982,53.426387
M24 1BE,-2.196266,53.548089
M28 3AD,-2.400163,53.524192
M30 0NA,-2.339161,53.484246
M32 9ED,-2.309007,53.444834
M40 2EP,-2.187326,53.502469
M44 5BG,-2.434946,53.428548
M6 5PL,-2.283511,53.486585
M60 2LA,-2.227212,53.487362
M8 9DQ,-2.242981,53.512058
OL16 1LT,-2.156826,53.616359
SK1 3BE,-2.159204,53.408526
WA14 4PU,-2.351888,53.395925
WN1 1EA,-2.629646,53.543292
WN4 9AB,-2.636605,53.487113
WN7 1UT,-2.519573,53.500003
B16 8PE,-1.924038,52.471676
DN2 6AD,-1.117824,53.519219
DE65 5DN,-1.725361,52.882094
NE11 0NA,-1.619587,54.932489
TN29 9JD,0.907855,50.946137
SW18 3HU,-0.174666,51.449138
LE1 6BT,-1.134428,52.632228
LS1 2BA,-1.551987,53.797141
L2 2BX,-2.98939,53.409485
M60 9DJ,-2.252673,53.480902
EX4 4EX,-3.532208,50.728034
M6 5RY,-2.29361,53.482624
HU9 5LS,-0.296775,53.748264
HU15 2JZ,-0.6338,53.767833
WC2B 6SE,-0.120587,51.51696
ME1 3ND,0.49623,51.366107
WC2A 2LL,-0.113546,51.513645
SW1P 9ZZ,-0.135804,51.481026
GL1 3NN,-2.232073,51.866379
GU24 9EX,-0.64306,51.321907
SE1 6LH,-0.100748,51.496317
YO41 1PS,-0.869907,53.984457
RG1 7TQ,-0.975742,51.453342
TW6 1EW,-0.449579,51.469777
B29 6NA,-1.93893,52.439983
ST1 5RQ,-2.200651,53.025395
WV1 3JS,-2.119831,52.584948
ST16 3AW,-2.118452,52.811515
S3 8PH,-1.468739,53.385556
LE2 7AJ,-1.132545,52.627701
RG9 5SB,-1.018331,51.58766
SP7 0AH,-2.219826,50.98537
HA4 6DQ,-0.409399,51.551976
DE14 3EG,-1.656589,52.787993
NP15 1XP,-2.900493,51.699429
BS7 8PS,-2.590658,51.480611
TQ12 6DN,-3.659267,50.508075
PL20 6RR,-3.997529,50.549223
LU1 1RG,-0.424274,51.878133
CB1 1BT,0.136809,52.20681
NG7 1FW,-1.158175,52.947393
BA20 2YB,-2.651697,50.934902
E3 4NS,-0.023785,51.525998
SE1 1JD,-0.093179,51.501016
BR6 0HE,0.103361,51.378983
N16 7QS,-0.067914,51.555249
EN2 6SA,-0.088726,51.653364
HP21 7RL,-0.800651,51.814523
LA14 1RP,-3.229233,54.112495
LA9 4RF,-2.747397,54.331148
CA3 8DR,-2.9332,54.896429
CA14 4EW,-3.543042,54.640815
LA1 3QZ,-2.772066,54.0527
CF14 5ZB,-3.196537,51.524963
WF2 9AG,-1.509287,53.683292
GU1 4RS,-0.575463,51.238545
SW1P 3AE,-0.128434,51.500989
RG21 7SB,-1.084198,51.268071
S71 1HH,-1.465128,53.550012
RG7 4PR,-1.141208,51.363359
LN2 4BD,-0.517999,53.235411
NE11 0HA,-1.624085,54.913731
LD3 7EA,-3.383593,51.944021
LD3 8PN,-3.571853,51.949959
NP20 4PR,-3.004937,51.588381
NP19 7AA,-2.992469,51.590917
NP18 2LX,-2.919666,51.60308
PE1 1EJ,-0.239917,52.569891
MK9 2AD,-0.759632,52.042505
CM24 1SA,0.258367,51.888151
DN7 6TD,-0.971436,53.547101
ME15 6LL,0.52331,51.271417
NE15 8NY,-1.712365,54.969713
DN7 6EL,-0.980702,53.586722
S1 4GE,-1.474915,53.379722
PE28 0SR,-0.312276,52.280794
SO15 5EG,-1.421058,50.915856
SE28 0NZ,0.096972,51.497246
SP9 7AJ,-1.668154,51.22668
PE33 9NP,0.546972,52.656987
LU1 1RE,-0.422082,51.877529
SW18 3HS,-0.19154,51.448222
SW1Y 5BS,-0.129664,51.507879
NP16 7YG,-2.651402,51.620197
SA6 7JL,-3.945445,51.669997
NE1 3LA,-1.603677,54.969723
CF47 8BH,-3.381037,51.747772
LS12 1BS,-1.55997,53.790106
YO26 5RU,-1.116856,53.963453
LL13 9QE,-2.926991,53.035181
MK40 2AP,-0.482885,52.14193
TR1 2PB,-5.056408,50.265626
ST1 3BP,-2.175754,53.022036
PR26 8NE,-2.758097,53.680646
EC4A 1NL,-0.110316,51.51577
PO13 0AH,-1.161928,50.820878
ME4 4JZ,0.526905,51.384129
SS15 6PH,0.419066,51.569683
YO23 3FT,-1.184091,53.925917
M13 9WL,-2.227711,53.462436
NN1 3EB,-0.895649,52.241314
RH6 7DE,-0.164713,51.171367
LS6 4QA,-1.554008,53.836992
AB51 5YA,-2.373584,57.257601
ST21 6LQ,-2.240835,52.878831
TS18 2QU,-1.293112,54.577797
CB2 0QH,0.14172,52.176526
CB2 8DU,0.129339,52.188669
EX4 4GL,-3.529396,50.727406
HA9 0FJ,-0.281683,51.559041
LL11 1PR,-2.999023,53.048154
M1 3LD,-2.238327,53.478154
NR7 0SH,1.359352,52.623154
PL6 5FL,-4.122677,50.416349
SO15 1GW,-1.413564,50.907716
ST1 3BS,-2.174122,53.02398
BB1 8AF,-2.48809,53.752497
BB11 1QW,-2.245681,53.790273
OX11 0RQ,-1.318073,51.575483
SW19 1EG,-0.19248,51.417967
G2 7EZ,-4.266288,55.861672
LE19 1SX,-1.188732,52.594045
TQ9 5NE,-3.709111,50.431563
CM1 1EL,0.500602,51.742492
AB10 1ZP,-2.107056,57.146948
G2 4JJ,-4.264686,55.864343
IV3 5BN,-4.229268,57.476889
SW1A 2BU,-0.127867,51.506375
L9 3DF,-2.969166,53.457543
G84 0EH,-4.822873,56.070473
BH14 0JB,-1.954685,50.723519
WA1 2RW,-2.592997,53.387112
WA1 1UR,-2.598806,53.390672
WA3 6BP,-2.525132,53.438766
B3 2PW,-1.897811,52.481833
LU1 2PU,-0.418891,51.881119
RG21 4HG,-1.077497,51.267892
RG21 4AB,-1.083209,51.263216
PR1 3BN,-2.697583,53.75754
PR1 2LL,-2.698983,53.762385
WD17 1EZ,-0.398796,51.663675
LS1 2ED,-1.551612,53.797101
MK40 1LY,-0.467817,52.138139
LU1 5DA,-0.417315,51.875927
SW1H 9HP,-0.130911,51.501001
HD1 5BW,-1.784838,53.652168
Sp4 0JQ,-1.700254,51.135111
BN2 0LG,-0.134297,50.823226
CF64 5XU,-3.240909,51.398785
M6 6PF,-2.286946,53.493443
B9 5SS,-1.829966,52.480218
KY11 2BY,-3.45297,56.02782
LS1 2EE,-1.552013,53.796555
AL1 3JW,-0.335513,51.751643
DL3 6TH,-1.553322,54.531406
ME1 3YB,0.49548,51.361824
LS2 7EH,-1.539589,53.795224
SG13 9HT,-0.072952,51.79574
CB5 8RX,0.175204,52.210173
CF11 6JY,-3.192931,51.480391
CT20 2DH,1.16922,51.078845
CF24 0YP,-3.165685,51.48526
CF24 0RZ,-3.166483,51.482105
M1 3FS,-2.235166,53.478673
GU14 0LX,-0.761542,51.276055
HU15 1RB,-0.634524,53.768417
S2 2RU,-1.455877,53.37197
CF24 0SZ,-3.162506,51.485426
EH6 6QQ,-3.173671,55.978355
M90 5UY,-2.285597,53.361999
ME8 0QR,0.572669,51.365938
BN18 0BX,-0.579804,50.816216
L3 5QB,-2.975571,53.408457
GU23 7LJ,-0.489925,51.272696
DH1 3HU,-1.569374,54.77372
ME16 8SH,0.511899,51.270395
DH1 3RG,-1.569431,54.772732
SR1 1RB,-1.380392,54.904924
DA1 1DX,0.220272,51.445344
CH1 4QS,-2.921524,53.193974
BN7 1EA,-0.005303,50.872867
SW6 1TR,-0.199705,51.487376
FY1 5RJ,-3.053836,53.811797
G2 8DU,-4.260729,55.857864
BH7 7DS,-1.816266,50.747943
BH1 1JH,-1.868892,50.723113
PO9 2AL,-0.982809,50.85609
BH15 2NS,-1.960934,50.722065
BH15 2RH,-1.985656,50.71556
PO1 2EB,-1.091163,50.795753
PO1 2DQ,-1.089926,50.79586
SO15 2XQ,-1.402977,50.913706
SO17 1EY,-1.402912,50.914335
WR1 3QQ,-2.22251,52.194281
BH1 1QL,-1.868662,50.724282
PE28 0SS,-0.317415,52.287557
LA14 1AF,-3.232886,54.104296
SW18 5JX,-0.197287,51.443724
EH2 4DJ,-3.209441,55.952162
GL1 4LY,-2.236833,51.857495
B5 6SN,-1.895356,52.471804
SW1A 2BN,-0.129744,51.506999
CB21 5XA,0.193112,52.184744
OL9 7QW,-2.132345,53.536546
OX26 2QD,-1.158462,51.898963
SP9 7BQ,-1.671687,51.233326
EC1V 3RE,-0.09758,51.524655
WA3 7QH,-2.535903,53.415447
M5 4RR,-2.284322,53.479456
SO16 6YD,-1.435104,50.933019
TD1 3TE,-2.75261,55.604049
BS22 8HR,-2.944749,51.356525
SW1E 6HL,-0.139886,51.498923
SW1A 2NP,-0.125885,51.504113
LN2 1HN,-0.540514,53.230704
NG31 6NZ,-0.645653,52.913897
PE21 8LN,-0.037734,52.98372
M1 4BT,-2.239003,53.480346
SA70 7SH,-4.786366,51.640869
ME17 3DF,0.613671,51.215156
EX1 1RD,-3.524391,50.72293
CH65 9HE,-2.887289,53.267055
LE1 6ZX,-1.194911,52.612912
L20 3BJ,-2.987582,53.449022
EH12 5EZ,-3.22004,55.945485
PA34 4AE,-5.474884,56.41102
RH17 6TN,-0.090152,51.068506
EH8 7AU,-3.151222,55.955703
LE11 1AZ,-1.201677,52.772305
M30 8PF,-2.362689,53.482875
SS13 1RN,0.500119,51.579582
BN2 1EJ,-0.117827,50.816864
CF24 5JW,-3.159971,51.478015
TN34 1QX,0.566648,50.859367
TN34 1ED,0.574305,50.857486
HX1 4JG,-1.892899,53.721064
PE30 1PQ,0.393989,52.751713
NR3 1UR,1.301036,52.634148
EH1 3DE,-3.183894,55.953655
SW1W 9SZ,-0.146519,51.493102
PO16 7AZ,-1.175437,50.854247
TN23 1PL,0.878718,51.146485
M1 4AH,-2.239109,53.480481
M3 3FL,-2.252201,53.480112
M60 1PR,-2.252201,53.480112
SK1 3NF,-2.161562,53.407561
WN1 1DW,-2.626428,53.542995
DG6 4QZ,-3.958189,54.799784
DE7 5QJ,-1.30886,52.968229
SK17 6DH,-1.911863,53.258625
GU33 6EL,-0.870008,51.073772
WD17 1HP,-0.397444,51.65979
CT1 2UE,1.085773,51.278703
CT9 1RL,1.381807,51.387564
ME15 6SJ,0.520727,51.267417
CT1 1ZA,1.09498,51.281896
TN13 2HU,0.177276,51.280084
M1 3HY,-2.23676,53.478157
LE1 6HG,-1.127374,52.629911
CW11 3BD,-2.391365,53.149967
NN1 3HQ,-0.89364,52.240803
S1 2FD,-1.466931,53.383381
GU12 5RQ,-0.709936,51.280956
DT4 8SU,-2.460219,50.609975
LN5 7RL,-0.542918,53.224306
TS15 9PA,-1.339608,54.495019
SY23 2HP,-4.083049,52.418276
SY23 1AS,-4.087114,52.409069
LL55 2DF,-4.264066,53.140722
LL30 1GA,-3.823291,53.320181
CH7 1AE,-3.13717,53.176993
SA1 1SP,-3.938026,51.620176
SA1 5DB,-3.945379,51.621879
LL12 7BP,-2.989528,53.04846
GL7 4DL,-1.770949,51.695889
E14 9GE,-0.01493,51.499591
BH5 1DU,-1.841503,50.724797
PL1 5QU,-4.165807,50.374648
TR14 8NQ,-5.279867,50.224435
B91 3RT,-1.782489,52.414159
LS1 5AW,-1.545292,53.798527
NE1 4HZ,-1.624196,54.970172
TS2 1PL,-1.230112,54.583748
CF37 1BA,-3.340541,51.599495
CF47 8UX,-3.379033,51.747494
CF63 1TD,-3.261303,51.410661
GL50 3EW,-2.083172,51.898982
CF24 0UG,-3.16828,51.481062
NP4 0SZ,-2.962344,51.681369
NP4 5ES,-3.0209259999999998,51.678575
SA1 3SR,-3.948886,51.615383
CF35 6AP,-3.563142,51.530946
SA61 2DA,-4.970019,51.801623
NP23 6HG,-3.20777,51.776822
SA31 1PY,-4.311327,51.85731
LD3 7BE,-3.380869,51.94374
SY23 1QE,-4.084323,52.413497
NP20 2AG,-2.988171,51.582067
BB2 6AH,-2.489331,53.752241
CA3 8DP,-2.933317,54.895239
PE15 0PR,0.080885,52.575782
TS5 6SG,-1.246518,54.557502
G2 8JX,-4.262385,55.858301
BA4 9DD,-2.547077,51.190759
LE11 2HZ,-1.200473,52.749353
LE1 2LB,-1.116824,52.64098
LE67 3JB,-1.365792,52.722951
LE1 3GG,-1.132069,52.639061
GU11 2HL,-0.789086,51.265443
BS2 8UB,-2.587865,51.463865
BS7 0PD,-2.580133,51.497674
SW1P 3BQ,-0.128921,51.497193
PO1 3GX,-1.093726,50.802607
EH3 9FF,-3.209236,55.943022
B75 5RL,-1.802072,52.589824
CV23 8AP,-1.247691,52.326464
B15 3ST,-1.920847,52.461785
BS8 3NP,-2.625565,51.46072
CF15 8BS,-3.258214,51.516971
CH2 1LD,-2.883012,53.220946
L6 7UJ,-2.94541,53.420718
NG7 1BB,-1.161953,52.951472
PR3 0RP,-2.724189,53.852791
S11 9PZ,-1.528537,53.342931
SA2 7JX,-4.055941,51.610261
SO23 9LS,-1.314469,51.059976
OL11 1EF,-2.159499,53.61194
SK1 1EG,-2.156259,53.409663
BL1 2JS,-2.434223,53.580188
DL15 8DS,-1.803204,54.705757
KA13 6SA,-4.709304,55.654356
CA16 6PA,-2.389906,54.538008
G2 8JB,-4.26166,55.857101
EC1R 4QU,-0.107442,51.527396
PR1 5AB,-2.689365,53.761461
BA2 4JE,-2.351744,51.381342
TA6 3HW,-3.002079,51.130044
BA20 2QD,-2.635039,50.940642
LA1 4NU,-2.793933,54.023509
WN8 8AP,-2.800895,53.547176
CA11 7HW,-2.754091,54.664097
CH1 2AN,-2.891793,53.185888
CH1 2XA,-2.893506,53.187637
WA4 4RL,-2.540972,53.350121
SK10 1BY,-2.128242,53.262408
CW1 6YY,-2.421605,53.08801
CW7 2JS,-2.541296,53.189444
EH1 1LA,-3.190749,55.947919
SY2 6LU,-2.731136,52.704618
G84 0PD,-4.872393,56.04593
PE25 1DA,0.345395,53.149434
LN59NB,-0.530547,53.172599
ST16 2QQ,-2.119429,52.805428
LS1 3JP,-1.564095,53.796296
LS1 3BG,-1.551755,53.800376
B4 6QA,-1.89386,52.483637
B70 7PQ,-1.993501,52.51932
WS2 8DR,-1.985515,52.59022
WS1 3QE,-1.9879,52.579983
B16 9RG,-1.934136,52.47233
WR5 2LG,-2.179913,52.187095
PR2 8DY,-2.704569,53.778205
S60 1RU,-1.355613,53.43556
SE1 8UG,-0.108835,51.501762
B4 6BS,-1.895055,52.482766
BN1 4EB,-0.139002,50.828445
BS1 4LU,-2.59456,51.44957
NE31 1SF,-1.503942,54.983474
RG1 3EH,-0.967403,51.456138
GU1 4PS,-0.576926,51.238931
HS7 5LA,-7.370998,57.47121
B4 6DS,-1.895661,52.481652
BD1 1JA,-1.749359,53.792574
BD1 1JL,-1.755843,53.802636
DH1 5YD,-1.551407,54.805818
DL12 9BG,-1.936708,54.54404
M15 5PE,-2.254219,53.460017
M14 5YJ,-2.209431,53.457319
L3 1DS,-2.995021,53.405212
PR1 8XB,-2.709144,53.757742
HA1 4TU,-0.339824,51.593815
TW7 5LP,-0.340331,51.479216
W12 9AX,-0.240748,51.501657
SE13 5JH,-0.010751,51.46291
RM1 2JT,0.185358,51.574806
SW18 2QE,-0.18468,51.457531
TW3 2AD,-0.363638,51.463546
DA6 7ND,0.1479,51.455182
SE1 0BT,-0.100647,51.502556
BR1 1BY,0.010898,51.408116
CR0 1AX,-0.104514,51.372783
CR9 3NE,-0.093984,51.372396
NW9 7BW,-0.23373,51.572825
E2 9RD,-0.056446,51.530195
N7 8JD,-0.105541,51.546789
SE1 6AW,-0.09636,51.499008
SW19 2JL,-0.187503,51.413987
SW9 9TN,-0.117402,51.467297
E11 1QW,0.017284,51.581017
SM1 4JD,-0.179929,51.366317
NW10 2DW,-0.246638,51.549378
EC4M 7EH,-0.101997,51.515491
SE1 2HU,-0.082172,51.505718
N22 5LF,-0.105138,51.598822
SE28 0EY,0.090138,51.496496
OX26 2NZ,-1.157833,51.899165000000004
OX25 1WD,-1.14152,51.901771
OX1 1BN,-1.255904,51.747848
MK9 2AJ,-0.766292,52.041038
DH1 1RG,-1.573699,54.777833
DH1 3HW,-1.567909,54.774083
SR8 1PS,-1.355812,54.745572
DL5 4DH,-1.57074,54.620521
DH8 5DH,-1.83691,54.853149
HD1 2RR,-1.783467,53.642135
SW1a 2HB,-0.125447,51.505644
KA8 0BE,-4.624924,55.46644
W12 0NN,-0.234697,51.517422
DD1 4NY,-2.972855,56.454917
CO4 5JR,0.902967,51.906851
CF14 3YE,-3.186609,51.499599
WS15 1UL,-1.912654,52.749299
DN1 3HT,-1.125723,53.512942
BD1 1LA,-1.754179,53.791781
DY10 1QQ,-2.240893,52.384197
EH3 7HW,-3.214684,55.949806
LN4 4TG,-0.167642,53.1014
PR4 1AX,-2.887732,53.747123
G2 8JD,-4.261357,55.857911
W5 2HS,-0.297591,51.519743
TW9 4HQ,-0.285379,51.474145
G51 1DZ,-4.294968,55.856928
CF83 8WT,-3.205859,51.588583
HR1 2HE,-2.71099,52.05708
CV11 4DN,-1.463214,52.522554
TF3 4DE,-2.447016,52.67494
CV32 4EL,-1.533457,52.288389
WR1 3QZ,-2.224341,52.196927
BD3 7BH,-1.711306,53.801018
CH42 7HT,-3.030681,53.380712
EC4A 1DZ,-0.110793,51.516166
SA1 4PF,-3.957541,51.614438
EX2 7HQ,-3.478128,50.719155
LS1 4PL,-1.559667,53.798787
GU1 4GA,-0.579134,51.236566
KA7 2JQ,-4.624541,55.450672
PO1 2BD,-1.089239,50.796187
EX1 1UH,-3.525229,50.721273
EC4Y 8AE,-0.106785,51.513689
B18 5BJ,-1.929524,52.493291
PE7 8GX,-0.257658,52.544071
TA1 4EU,-3.107709,51.012768
SW1A 2EG,-0.127538,51.506316
SS14 2EU,0.472218,51.578267
IP1 1EJ,1.151505,52.057693
IP1 2AP,1.148893,52.056866
NR3 1UP,1.301036,52.634148
PE1 1ED,-0.241543,52.569807
SS2 6EG,0.709729,51.543728
LN5 9YA,-0.5339,53.174321
NG1 7EJ,-1.146651,52.94854
NG2 1EE,-1.149401,52.947184
NW9 9QF,-0.283005,51.585993
NN3 8AX,-0.837347,52.268637
WC1E 7LR,-0.132989,51.519963
E14 2BE,-0.004827,51.51022
EN5 5UE,-0.197012,51.650994
SE1 0BJ,-0.102891,51.501945
TW8 0JJ,-0.304356,51.484285
E14 4HD,-0.026134,51.506335
N18 2TN,-0.065951,51.6107
KT12AP,-0.306621,51.405994
SM1 1DA,-0.193547,51.359854
E34DJ,-0.023563,51.527136
UB4 8HL,-0.421477,51.522258
SW15 2SU,-0.209217,51.459149
W14 8SZ,-0.20985,51.494112
NW15BR,-0.16418,51.520708
L2 1XA,-2.989685,53.404062
PE21 6PE,-0.024938,52.98304
S41 7TD,-1.423511,53.236285
DE1 2XE,-1.473065,52.922451
DE1 3JR,-1.479584,52.924592
LN5 7QA,-0.54204,53.224614
IV2 7GB,-4.181878,57.480764
BS7 0XL,-2.585489,51.492891
YO7 3YA,-1.407758,54.135106
NE15 0RF,-1.871777,55.017334
HP22 5PH,-0.731919,51.803031
TW2 7DN,-0.350589,51.454326
ST18 0AQ,-2.091504,52.815845
TQ12 6QH,-3.65059,50.559658
M50 2GF,-2.297495,53.475684
SW1V 1RB,-0.141766,51.49237
SN14 8QY,-2.27539,51.448642
LN4 4SY,-0.177856,53.098303
M60 9AH,-2.245686,53.492188
IV1 1SF,-4.219393,57.486785
NG1 7EL,-1.146651,52.94854
KY12 7SA,-3.459824,56.065703
IP27 0AF,0.663057,52.434417
NE1 4WH,-1.620796,54.97321
DL7 9TP,-1.517711,54.290342
RH6 0PQ,-0.18346,51.147127
BN44 3DZ,-0.358917,50.899626
SA15 2DS,-4.153748,51.664903
E1 8EU,-0.070196,51.512913
BA12 0DJ,-2.159922,51.213156
LE12 8WD,-1.209937,52.732787
WC1N 1NP,-0.124229,51.52548
TS17 6QP,-1.306112,54.561147
MK8 9AL,-0.794806,52.03147
OX1 1RE,-1.257852,51.749209
PO7 5PL,-1.031855,50.866391
RG30 2AA,-0.994792,51.448671
SO15 5DJ,-1.417385,50.91269
TA6 3LP,-3.000597,51.124657
OX1 4PY,-1.255125,51.741469
SL4 2RL,-0.586213,51.464184
SP3 4RS,-1.945213,51.22952
SE18 6XJ,0.063694,51.48486
BS1 6EW,-2.584079,51.450233
SG1 2AD,-0.21261,51.902793
EN8 9XL,-0.04789,51.703383
L75 1AA,-2.991574,53.404424
B15 2WB,-1.941776,52.450146
CV11 4JU,-1.46259,52.522956
NE1 8QH,-1.610576,54.978417
OX1 1TL,-1.257072,51.74817
BL1 1SU,-2.433689,53.578203
SO43 7NH,-1.578898,50.871947
CV1 2SQ,-1.507627,52.405831
DY1 1RY,-2.088007,52.50992
ST5 2DT,-2.230256,53.013332
WS11 1AT,-2.035469,52.684779
WS2 8HA,-1.985624,52.588928
WV1 1RA,-2.130211,52.586178
NW9 5EQ,-0.254674,51.594927
ME16 8EQ,0.518684,51.270986
ML3 0QA,-4.047773,55.782971
EH13 0AW,-3.237677,55.906563
NE28 6SE,-1.537752,54.989296
NE63 0RY,-1.569818,55.182408
CB10 2YE,0.289866,51.989121
SW1H0ET,-0.130974,51.498772
M4 3AQ,-2.241703,53.483469
CA3 8DA,-2.932754,54.893323
LA14 1AE,-3.227717,54.109877
WF2 8SP,-1.51101,53.6784
HP20 2QF,-0.812803,51.815017
RM18 7EJ,0.358564,51.458821
TA1 4AX,-3.10967,51.014297
CO2 7EF,0.904374,51.886509
WA5 7ZT,-2.623663,53.418517
GU1 4ST,-0.578952,51.238758
CR9 5AB,-0.092149,51.373338
CR0 2RF,-0.104549,51.379681
SO23 9EL,-1.318985,51.062448
